sample_id,cell_id,channel,crop_path,label,confidence,notes,annotated_at
1,abhlhdnk-1,CD11c,/data/yzy21/yy/aaran/out/crops/CD11c/abhlhdnk-1.tif,noise,0.8,,2026-08-11T15:45:44
2,abpimllh-1,CD11c,/data/yzy21/yy/aaran/out/crops/CD11c/abpimllh-1.tif,unclear,0.8,,2026-08-11T15:46:00
3,acihpnka-1,CD11c,/data/yzy21/yy/aaran/out/crops/CD11c/acihpnka-1.tif,signal,0.8,,2026-08-11T15:46:03
4,aehhdbfh-1,CD11c,/data/yzy21/yy/aaran/out/crops/CD11c/aehhdbfh-1.tif,noise,0.8,,2026-08-11T15:46:09
5,almndddk-1,CD11c,/data/yzy21/yy/aaran/out/crops/CD11c/almndddk-1.tif,noise,0.8,,2026-08-11T15:46:17
6,amegkekl-1,CD11c,/data/yzy21/yy/aaran/out/crops/CD11c/amegkekl-1.tif,signal,0.8,,2026-08-11T15:46:21
7,aobealah-1,CD11c,/data/yzy21/yy/aaran/out/crops/CD11c/aobealah-1.tif,noise,0.8,,2026-08-11T15:46:34
8,bcblmioi-1,CD11c,/data/yzy21/yy/aaran/out/crops/CD11c/bcblmioi-1.tif,signal,0.8,,2026-08-11T15:46:40
9,bemkjhon-1,CD11c,/data/yzy21/yy/aaran/out/crops/CD11c/bemkjhon-1.tif,signal,0.8,,2026-08-11T15:46:56
10,bhffmdme-1,CD11c,/data/yzy21/yy/aaran/out/crops/CD11c/bhffmdme-1.tif,signal,0.8,,2026-08-11T15:47:00
11,bibgchhp-1,CD11c,/data/yzy21/yy/aaran/out/crops/CD11c/bibgchhp-1.tif,noise,0.8,,2026-08-11T15:47:10
12,bigahfjd-1,CD11c,/data/yzy21/yy/aaran/out/crops/CD11c/bigahfjd-1.tif,noise,0.8,,2026-08-11T15:47:26
13,bnkegfpp-1,CD11c,/data/yzy21/yy/aaran/out/crops/CD11c/bnkegfpp-1.tif,noise,0.8,,2026-08-11T15:47:33
14,bnmiblld-1,CD11c,/data/yzy21/yy/aaran/out/crops/CD11c/bnmiblld-1.tif,noise,0.8,,2026-08-11T15:47:42
15,boebokjl-1,CD11c,/data/yzy21/yy/aaran/out/crops/CD11c/boebokjl-1.tif,noise,0.8,,2026-08-11T15:47:49
16,bofnchii-1,CD11c,/data/yzy21/yy/aaran/out/crops/CD11c/bofnchii-1.tif,noise,0.8,,2026-08-11T15:47:53
17,bohadoca-1,CD11c,/data/yzy21/yy/aaran/out/crops/CD11c/bohadoca-1.tif,noise,0.8,,2026-08-11T15:48:11
18,bonmjdfn-1,CD11c,/data/yzy21/yy/aaran/out/crops/CD11c/bonmjdfn-1.tif,signal,0.8,,2026-08-11T15:48:15
19,caiplben-1,CD11c,/data/yzy21/yy/aaran/out/crops/CD11c/caiplben-1.tif,signal,0.8,,2026-08-11T15:48:20
20,cdlhfafj-1,CD11c,/data/yzy21/yy/aaran/out/crops/CD11c/cdlhfafj-1.tif,noise,0.8,,2026-08-11T15:48:53
21,cdpehdko-1,CD11c,/data/yzy21/yy/aaran/out/crops/CD11c/cdpehdko-1.tif,noise,0.8,,2026-08-11T15:48:57
22,ceihnmcc-1,CD11c,/data/yzy21/yy/aaran/out/crops/CD11c/ceihnmcc-1.tif,noise,0.8,,2026-08-11T15:49:04
23,cgcenblp-1,CD11c,/data/yzy21/yy/aaran/out/crops/CD11c/cgcenblp-1.tif,noise,0.8,,2026-08-11T15:49:07
24,cgfaphka-1,CD11c,/data/yzy21/yy/aaran/out/crops/CD11c/cgfaphka-1.tif,noise,0.8,,2026-08-11T15:49:11
25,cikmeock-1,CD11c,/data/yzy21/yy/aaran/out/crops/CD11c/cikmeock-1.tif,signal,0.8,,2026-08-11T15:49:14
26,ciknbeon-1,CD11c,/data/yzy21/yy/aaran/out/crops/CD11c/ciknbeon-1.tif,signal,0.8,,2026-08-11T15:49:19
27,cimheoof-1,CD11c,/data/yzy21/yy/aaran/out/crops/CD11c/cimheoof-1.tif,signal,0.8,,2026-08-11T15:49:26
28,cjboendn-1,CD11c,/data/yzy21/yy/aaran/out/crops/CD11c/cjboendn-1.tif,,,,
29,ckpdoeii-1,CD11c,/data/yzy21/yy/aaran/out/crops/CD11c/ckpdoeii-1.tif,,,,
30,clhllggn-1,CD11c,/data/yzy21/yy/aaran/out/crops/CD11c/clhllggn-1.tif,,,,
31,cmnhmffp-1,CD11c,/data/yzy21/yy/aaran/out/crops/CD11c/cmnhmffp-1.tif,,,,
32,cpfahjkf-1,CD11c,/data/yzy21/yy/aaran/out/crops/CD11c/cpfahjkf-1.tif,,,,
33,dbdpjfmb-1,CD11c,/data/yzy21/yy/aaran/out/crops/CD11c/dbdpjfmb-1.tif,,,,
34,dibbncpb-1,CD11c,/data/yzy21/yy/aaran/out/crops/CD11c/dibbncpb-1.tif,,,,
35,djieflle-1,CD11c,/data/yzy21/yy/aaran/out/crops/CD11c/djieflle-1.tif,,,,
36,dkegoojf-1,CD11c,/data/yzy21/yy/aaran/out/crops/CD11c/dkegoojf-1.tif,,,,
37,dkeolabk-1,CD11c,/data/yzy21/yy/aaran/out/crops/CD11c/dkeolabk-1.tif,,,,
38,dmalmodp-1,CD11c,/data/yzy21/yy/aaran/out/crops/CD11c/dmalmodp-1.tif,,,,
39,dmnnkojn-1,CD11c,/data/yzy21/yy/aaran/out/crops/CD11c/dmnnkojn-1.tif,,,,
40,dnobloeo-1,CD11c,/data/yzy21/yy/aaran/out/crops/CD11c/dnobloeo-1.tif,,,,
41,dphfoolb-1,CD11c,/data/yzy21/yy/aaran/out/crops/CD11c/dphfoolb-1.tif,,,,
42,ebcelccl-1,CD11c,/data/yzy21/yy/aaran/out/crops/CD11c/ebcelccl-1.tif,,,,
43,ecpifehj-1,CD11c,/data/yzy21/yy/aaran/out/crops/CD11c/ecpifehj-1.tif,,,,
44,eeihmfod-1,CD11c,/data/yzy21/yy/aaran/out/crops/CD11c/eeihmfod-1.tif,,,,
45,effkennj-1,CD11c,/data/yzy21/yy/aaran/out/crops/CD11c/effkennj-1.tif,,,,
46,efibceeh-1,CD11c,/data/yzy21/yy/aaran/out/crops/CD11c/efibceeh-1.tif,,,,
47,efjbapki-1,CD11c,/data/yzy21/yy/aaran/out/crops/CD11c/efjbapki-1.tif,,,,
48,eigahnjj-1,CD11c,/data/yzy21/yy/aaran/out/crops/CD11c/eigahnjj-1.tif,,,,
49,eikimphn-1,CD11c,/data/yzy21/yy/aaran/out/crops/CD11c/eikimphn-1.tif,,,,
50,eimhpgfm-1,CD11c,/data/yzy21/yy/aaran/out/crops/CD11c/eimhpgfm-1.tif,,,,
51,faheemfn-1,CD11c,/data/yzy21/yy/aaran/out/crops/CD11c/faheemfn-1.tif,,,,
52,faijkdom-1,CD11c,/data/yzy21/yy/aaran/out/crops/CD11c/faijkdom-1.tif,,,,
53,fakfeafp-1,CD11c,/data/yzy21/yy/aaran/out/crops/CD11c/fakfeafp-1.tif,,,,
54,fdehpnbl-1,CD11c,/data/yzy21/yy/aaran/out/crops/CD11c/fdehpnbl-1.tif,,,,
55,fgbihmee-1,CD11c,/data/yzy21/yy/aaran/out/crops/CD11c/fgbihmee-1.tif,,,,
56,fgdakake-1,CD11c,/data/yzy21/yy/aaran/out/crops/CD11c/fgdakake-1.tif,,,,
57,fihhkkoi-1,CD11c,/data/yzy21/yy/aaran/out/crops/CD11c/fihhkkoi-1.tif,,,,
58,gedkacjm-1,CD11c,/data/yzy21/yy/aaran/out/crops/CD11c/gedkacjm-1.tif,,,,
59,gfoldakc-1,CD11c,/data/yzy21/yy/aaran/out/crops/CD11c/gfoldakc-1.tif,,,,
60,gjdngnll-1,CD11c,/data/yzy21/yy/aaran/out/crops/CD11c/gjdngnll-1.tif,,,,
61,gkbeclhp-1,CD11c,/data/yzy21/yy/aaran/out/crops/CD11c/gkbeclhp-1.tif,,,,
62,gkfnebkl-1,CD11c,/data/yzy21/yy/aaran/out/crops/CD11c/gkfnebkl-1.tif,,,,
63,hjdkgnok-1,CD11c,/data/yzy21/yy/aaran/out/crops/CD11c/hjdkgnok-1.tif,,,,
64,hkjfijcd-1,CD11c,/data/yzy21/yy/aaran/out/crops/CD11c/hkjfijcd-1.tif,,,,
65,ienknoab-1,CD11c,/data/yzy21/yy/aaran/out/crops/CD11c/ienknoab-1.tif,,,,
66,igkdhdom-1,CD11c,/data/yzy21/yy/aaran/out/crops/CD11c/igkdhdom-1.tif,,,,
67,ijlgnmni-1,CD11c,/data/yzy21/yy/aaran/out/crops/CD11c/ijlgnmni-1.tif,,,,
68,ipdkgpdb-1,CD11c,/data/yzy21/yy/aaran/out/crops/CD11c/ipdkgpdb-1.tif,,,,
69,jchjcbfd-1,CD11c,/data/yzy21/yy/aaran/out/crops/CD11c/jchjcbfd-1.tif,,,,
70,jejgengm-1,CD11c,/data/yzy21/yy/aaran/out/crops/CD11c/jejgengm-1.tif,,,,
71,jfmedcjc-1,CD11c,/data/yzy21/yy/aaran/out/crops/CD11c/jfmedcjc-1.tif,,,,
72,jgpfneic-1,CD11c,/data/yzy21/yy/aaran/out/crops/CD11c/jgpfneic-1.tif,,,,
73,jhmckhlf-1,CD11c,/data/yzy21/yy/aaran/out/crops/CD11c/jhmckhlf-1.tif,,,,
74,jhopefhl-1,CD11c,/data/yzy21/yy/aaran/out/crops/CD11c/jhopefhl-1.tif,,,,
75,jkpbkkej-1,CD11c,/data/yzy21/yy/aaran/out/crops/CD11c/jkpbkkej-1.tif,,,,
76,jkpbogfc-1,CD11c,/data/yzy21/yy/aaran/out/crops/CD11c/jkpbogfc-1.tif,,,,
77,jlkjdofm-1,CD11c,/data/yzy21/yy/aaran/out/crops/CD11c/jlkjdofm-1.tif,,,,
78,jllbkjdo-1,CD11c,/data/yzy21/yy/aaran/out/crops/CD11c/jllbkjdo-1.tif,,,,
79,kejebcek-1,CD11c,/data/yzy21/yy/aaran/out/crops/CD11c/kejebcek-1.tif,,,,
80,kmimnggo-1,CD11c,/data/yzy21/yy/aaran/out/crops/CD11c/kmimnggo-1.tif,,,,
81,koafdlbk-1,CD11c,/data/yzy21/yy/aaran/out/crops/CD11c/koafdlbk-1.tif,,,,
82,kpfjlgbl-1,CD11c,/data/yzy21/yy/aaran/out/crops/CD11c/kpfjlgbl-1.tif,,,,
83,lagofhie-1,CD11c,/data/yzy21/yy/aaran/out/crops/CD11c/lagofhie-1.tif,,,,
84,lbemmiff-1,CD11c,/data/yzy21/yy/aaran/out/crops/CD11c/lbemmiff-1.tif,,,,
85,lblhebnn-1,CD11c,/data/yzy21/yy/aaran/out/crops/CD11c/lblhebnn-1.tif,,,,
86,ldkdmiog-1,CD11c,/data/yzy21/yy/aaran/out/crops/CD11c/ldkdmiog-1.tif,,,,
87,ldknnabk-1,CD11c,/data/yzy21/yy/aaran/out/crops/CD11c/ldknnabk-1.tif,,,,
88,lhkbdnbg-1,CD11c,/data/yzy21/yy/aaran/out/crops/CD11c/lhkbdnbg-1.tif,,,,
89,lmhdbfpg-1,CD11c,/data/yzy21/yy/aaran/out/crops/CD11c/lmhdbfpg-1.tif,,,,
90,lokincgm-1,CD11c,/data/yzy21/yy/aaran/out/crops/CD11c/lokincgm-1.tif,,,,
91,malkjifc-1,CD11c,/data/yzy21/yy/aaran/out/crops/CD11c/malkjifc-1.tif,,,,
92,nhkmjcjf-1,CD11c,/data/yzy21/yy/aaran/out/crops/CD11c/nhkmjcjf-1.tif,,,,
93,nmbpjdhb-1,CD11c,/data/yzy21/yy/aaran/out/crops/CD11c/nmbpjdhb-1.tif,,,,
94,nmomfeod-1,CD11c,/data/yzy21/yy/aaran/out/crops/CD11c/nmomfeod-1.tif,,,,
95,nplchmmb-1,CD11c,/data/yzy21/yy/aaran/out/crops/CD11c/nplchmmb-1.tif,,,,
96,npnkkdjn-1,CD11c,/data/yzy21/yy/aaran/out/crops/CD11c/npnkkdjn-1.tif,,,,
97,oajpeeam-1,CD11c,/data/yzy21/yy/aaran/out/crops/CD11c/oajpeeam-1.tif,,,,
98,ocndlgli-1,CD11c,/data/yzy21/yy/aaran/out/crops/CD11c/ocndlgli-1.tif,,,,
99,odfgkjgi-1,CD11c,/data/yzy21/yy/aaran/out/crops/CD11c/odfgkjgi-1.tif,,,,
100,ogfkddii-1,CD11c,/data/yzy21/yy/aaran/out/crops/CD11c/ogfkddii-1.tif,,,,
101,accnnolb-1,CD138,/data/yzy21/yy/aaran/out/crops/CD138/accnnolb-1.tif,,,,
102,adafdpaj-1,CD138,/data/yzy21/yy/aaran/out/crops/CD138/adafdpaj-1.tif,,,,
103,adkjdgjd-1,CD138,/data/yzy21/yy/aaran/out/crops/CD138/adkjdgjd-1.tif,,,,
104,angfmgom-1,CD138,/data/yzy21/yy/aaran/out/crops/CD138/angfmgom-1.tif,,,,
105,bfdggkjf-1,CD138,/data/yzy21/yy/aaran/out/crops/CD138/bfdggkjf-1.tif,,,,
106,bfelhmoo-1,CD138,/data/yzy21/yy/aaran/out/crops/CD138/bfelhmoo-1.tif,,,,
107,bfhcmnke-1,CD138,/data/yzy21/yy/aaran/out/crops/CD138/bfhcmnke-1.tif,,,,
108,bfhffiih-1,CD138,/data/yzy21/yy/aaran/out/crops/CD138/bfhffiih-1.tif,,,,
109,bfhhphbp-1,CD138,/data/yzy21/yy/aaran/out/crops/CD138/bfhhphbp-1.tif,,,,
110,bgcmolmm-1,CD138,/data/yzy21/yy/aaran/out/crops/CD138/bgcmolmm-1.tif,,,,
111,bgpagcjb-1,CD138,/data/yzy21/yy/aaran/out/crops/CD138/bgpagcjb-1.tif,,,,
112,bjcniede-1,CD138,/data/yzy21/yy/aaran/out/crops/CD138/bjcniede-1.tif,,,,
113,blegkpee-1,CD138,/data/yzy21/yy/aaran/out/crops/CD138/blegkpee-1.tif,,,,
114,boailmaf-1,CD138,/data/yzy21/yy/aaran/out/crops/CD138/boailmaf-1.tif,,,,
115,bofbkohc-1,CD138,/data/yzy21/yy/aaran/out/crops/CD138/bofbkohc-1.tif,,,,
116,bogoicaj-1,CD138,/data/yzy21/yy/aaran/out/crops/CD138/bogoicaj-1.tif,,,,
117,bojmlnio-1,CD138,/data/yzy21/yy/aaran/out/crops/CD138/bojmlnio-1.tif,,,,
118,cadknopk-1,CD138,/data/yzy21/yy/aaran/out/crops/CD138/cadknopk-1.tif,,,,
119,cchhfghl-1,CD138,/data/yzy21/yy/aaran/out/crops/CD138/cchhfghl-1.tif,,,,
120,ccjodcmc-1,CD138,/data/yzy21/yy/aaran/out/crops/CD138/ccjodcmc-1.tif,,,,
121,cdchhkcm-1,CD138,/data/yzy21/yy/aaran/out/crops/CD138/cdchhkcm-1.tif,,,,
122,cddlfhcf-1,CD138,/data/yzy21/yy/aaran/out/crops/CD138/cddlfhcf-1.tif,,,,
123,cdfkokdg-1,CD138,/data/yzy21/yy/aaran/out/crops/CD138/cdfkokdg-1.tif,,,,
124,cdgeglha-1,CD138,/data/yzy21/yy/aaran/out/crops/CD138/cdgeglha-1.tif,,,,
125,cegbmenm-1,CD138,/data/yzy21/yy/aaran/out/crops/CD138/cegbmenm-1.tif,,,,
126,ceicdglh-1,CD138,/data/yzy21/yy/aaran/out/crops/CD138/ceicdglh-1.tif,,,,
127,cmhpnodd-1,CD138,/data/yzy21/yy/aaran/out/crops/CD138/cmhpnodd-1.tif,,,,
128,cmncdpfc-1,CD138,/data/yzy21/yy/aaran/out/crops/CD138/cmncdpfc-1.tif,,,,
129,cmnmeggk-1,CD138,/data/yzy21/yy/aaran/out/crops/CD138/cmnmeggk-1.tif,,,,
130,cmppkcde-1,CD138,/data/yzy21/yy/aaran/out/crops/CD138/cmppkcde-1.tif,,,,
131,cnbcmlmh-1,CD138,/data/yzy21/yy/aaran/out/crops/CD138/cnbcmlmh-1.tif,,,,
132,cnggnkab-1,CD138,/data/yzy21/yy/aaran/out/crops/CD138/cnggnkab-1.tif,,,,
133,cngjfieb-1,CD138,/data/yzy21/yy/aaran/out/crops/CD138/cngjfieb-1.tif,,,,
134,cobjbmoa-1,CD138,/data/yzy21/yy/aaran/out/crops/CD138/cobjbmoa-1.tif,,,,
135,codanfmg-1,CD138,/data/yzy21/yy/aaran/out/crops/CD138/codanfmg-1.tif,,,,
136,codjlfdb-1,CD138,/data/yzy21/yy/aaran/out/crops/CD138/codjlfdb-1.tif,,,,
137,coekeohg-1,CD138,/data/yzy21/yy/aaran/out/crops/CD138/coekeohg-1.tif,,,,
138,cofbbndi-1,CD138,/data/yzy21/yy/aaran/out/crops/CD138/cofbbndi-1.tif,,,,
139,cohkiknl-1,CD138,/data/yzy21/yy/aaran/out/crops/CD138/cohkiknl-1.tif,,,,
140,cohngabk-1,CD138,/data/yzy21/yy/aaran/out/crops/CD138/cohngabk-1.tif,,,,
141,copncaao-1,CD138,/data/yzy21/yy/aaran/out/crops/CD138/copncaao-1.tif,,,,
142,cpajfiao-1,CD138,/data/yzy21/yy/aaran/out/crops/CD138/cpajfiao-1.tif,,,,
143,cpigggbj-1,CD138,/data/yzy21/yy/aaran/out/crops/CD138/cpigggbj-1.tif,,,,
144,dacdfeda-1,CD138,/data/yzy21/yy/aaran/out/crops/CD138/dacdfeda-1.tif,,,,
145,daeeckmn-1,CD138,/data/yzy21/yy/aaran/out/crops/CD138/daeeckmn-1.tif,,,,
146,ddejaknd-1,CD138,/data/yzy21/yy/aaran/out/crops/CD138/ddejaknd-1.tif,,,,
147,dfacflph-1,CD138,/data/yzy21/yy/aaran/out/crops/CD138/dfacflph-1.tif,,,,
148,dflddnkb-1,CD138,/data/yzy21/yy/aaran/out/crops/CD138/dflddnkb-1.tif,,,,
149,dflophab-1,CD138,/data/yzy21/yy/aaran/out/crops/CD138/dflophab-1.tif,,,,
150,dgcklfpk-1,CD138,/data/yzy21/yy/aaran/out/crops/CD138/dgcklfpk-1.tif,,,,
151,dgdffkld-1,CD138,/data/yzy21/yy/aaran/out/crops/CD138/dgdffkld-1.tif,,,,
152,dlbkflaf-1,CD138,/data/yzy21/yy/aaran/out/crops/CD138/dlbkflaf-1.tif,,,,
153,dpicckel-1,CD138,/data/yzy21/yy/aaran/out/crops/CD138/dpicckel-1.tif,,,,
154,dplilbfo-1,CD138,/data/yzy21/yy/aaran/out/crops/CD138/dplilbfo-1.tif,,,,
155,eccfjeai-1,CD138,/data/yzy21/yy/aaran/out/crops/CD138/eccfjeai-1.tif,,,,
156,edlfkpjh-1,CD138,/data/yzy21/yy/aaran/out/crops/CD138/edlfkpjh-1.tif,,,,
157,eijffkke-1,CD138,/data/yzy21/yy/aaran/out/crops/CD138/eijffkke-1.tif,,,,
158,eoooiibd-1,CD138,/data/yzy21/yy/aaran/out/crops/CD138/eoooiibd-1.tif,,,,
159,faedlinh-1,CD138,/data/yzy21/yy/aaran/out/crops/CD138/faedlinh-1.tif,,,,
160,fahdhgel-1,CD138,/data/yzy21/yy/aaran/out/crops/CD138/fahdhgel-1.tif,,,,
161,gebphamb-1,CD138,/data/yzy21/yy/aaran/out/crops/CD138/gebphamb-1.tif,,,,
162,hghmakfl-1,CD138,/data/yzy21/yy/aaran/out/crops/CD138/hghmakfl-1.tif,,,,
163,hgmapjcb-1,CD138,/data/yzy21/yy/aaran/out/crops/CD138/hgmapjcb-1.tif,,,,
164,holkamke-1,CD138,/data/yzy21/yy/aaran/out/crops/CD138/holkamke-1.tif,,,,
165,icmmphmc-1,CD138,/data/yzy21/yy/aaran/out/crops/CD138/icmmphmc-1.tif,,,,
166,igbeokmj-1,CD138,/data/yzy21/yy/aaran/out/crops/CD138/igbeokmj-1.tif,,,,
167,ijcmpodk-1,CD138,/data/yzy21/yy/aaran/out/crops/CD138/ijcmpodk-1.tif,,,,
168,iobgkagb-1,CD138,/data/yzy21/yy/aaran/out/crops/CD138/iobgkagb-1.tif,,,,
169,jebgdkkb-1,CD138,/data/yzy21/yy/aaran/out/crops/CD138/jebgdkkb-1.tif,,,,
170,jfmokpfa-1,CD138,/data/yzy21/yy/aaran/out/crops/CD138/jfmokpfa-1.tif,,,,
171,jjekpeel-1,CD138,/data/yzy21/yy/aaran/out/crops/CD138/jjekpeel-1.tif,,,,
172,jkkdmlai-1,CD138,/data/yzy21/yy/aaran/out/crops/CD138/jkkdmlai-1.tif,,,,
173,kbaajnld-1,CD138,/data/yzy21/yy/aaran/out/crops/CD138/kbaajnld-1.tif,,,,
174,khaeahfg-1,CD138,/data/yzy21/yy/aaran/out/crops/CD138/khaeahfg-1.tif,,,,
175,khbgdbkc-1,CD138,/data/yzy21/yy/aaran/out/crops/CD138/khbgdbkc-1.tif,,,,
176,khfpbeom-1,CD138,/data/yzy21/yy/aaran/out/crops/CD138/khfpbeom-1.tif,,,,
177,khhbfiln-1,CD138,/data/yzy21/yy/aaran/out/crops/CD138/khhbfiln-1.tif,,,,
178,kiabllci-1,CD138,/data/yzy21/yy/aaran/out/crops/CD138/kiabllci-1.tif,,,,
179,kiclifha-1,CD138,/data/yzy21/yy/aaran/out/crops/CD138/kiclifha-1.tif,,,,
180,kidlmmbg-1,CD138,/data/yzy21/yy/aaran/out/crops/CD138/kidlmmbg-1.tif,,,,
181,kifgdekl-1,CD138,/data/yzy21/yy/aaran/out/crops/CD138/kifgdekl-1.tif,,,,
182,kincbabp-1,CD138,/data/yzy21/yy/aaran/out/crops/CD138/kincbabp-1.tif,,,,
183,kjebkkfi-1,CD138,/data/yzy21/yy/aaran/out/crops/CD138/kjebkkfi-1.tif,,,,
184,kjonfnae-1,CD138,/data/yzy21/yy/aaran/out/crops/CD138/kjonfnae-1.tif,,,,
185,kkilffjd-1,CD138,/data/yzy21/yy/aaran/out/crops/CD138/kkilffjd-1.tif,,,,
186,kmpapbgn-1,CD138,/data/yzy21/yy/aaran/out/crops/CD138/kmpapbgn-1.tif,,,,
187,kpbgfdgf-1,CD138,/data/yzy21/yy/aaran/out/crops/CD138/kpbgfdgf-1.tif,,,,
188,laheipep-1,CD138,/data/yzy21/yy/aaran/out/crops/CD138/laheipep-1.tif,,,,
189,lapcjlec-1,CD138,/data/yzy21/yy/aaran/out/crops/CD138/lapcjlec-1.tif,,,,
190,ldejkege-1,CD138,/data/yzy21/yy/aaran/out/crops/CD138/ldejkege-1.tif,,,,
191,leilgmob-1,CD138,/data/yzy21/yy/aaran/out/crops/CD138/leilgmob-1.tif,,,,
192,lgmkbbnn-1,CD138,/data/yzy21/yy/aaran/out/crops/CD138/lgmkbbnn-1.tif,,,,
193,lhaajfin-1,CD138,/data/yzy21/yy/aaran/out/crops/CD138/lhaajfin-1.tif,,,,
194,ljmpaonp-1,CD138,/data/yzy21/yy/aaran/out/crops/CD138/ljmpaonp-1.tif,,,,
195,ocfdmmaa-1,CD138,/data/yzy21/yy/aaran/out/crops/CD138/ocfdmmaa-1.tif,,,,
196,ocfgblfa-1,CD138,/data/yzy21/yy/aaran/out/crops/CD138/ocfgblfa-1.tif,,,,
197,odbbfepi-1,CD138,/data/yzy21/yy/aaran/out/crops/CD138/odbbfepi-1.tif,,,,
198,odeaekch-1,CD138,/data/yzy21/yy/aaran/out/crops/CD138/odeaekch-1.tif,,,,
199,odemdfbm-1,CD138,/data/yzy21/yy/aaran/out/crops/CD138/odemdfbm-1.tif,,,,
200,odjjljfm-1,CD138,/data/yzy21/yy/aaran/out/crops/CD138/odjjljfm-1.tif,,,,
201,acgabmel-1,CD16,/data/yzy21/yy/aaran/out/crops/CD16/acgabmel-1.tif,,,,
202,ahenpfol-1,CD16,/data/yzy21/yy/aaran/out/crops/CD16/ahenpfol-1.tif,,,,
203,akddmekk-1,CD16,/data/yzy21/yy/aaran/out/crops/CD16/akddmekk-1.tif,,,,
204,alkibhnc-1,CD16,/data/yzy21/yy/aaran/out/crops/CD16/alkibhnc-1.tif,,,,
205,apkmhjgd-1,CD16,/data/yzy21/yy/aaran/out/crops/CD16/apkmhjgd-1.tif,,,,
206,bbhjfmoc-1,CD16,/data/yzy21/yy/aaran/out/crops/CD16/bbhjfmoc-1.tif,,,,
207,bbpilbfo-1,CD16,/data/yzy21/yy/aaran/out/crops/CD16/bbpilbfo-1.tif,,,,
208,bcfcfgnm-1,CD16,/data/yzy21/yy/aaran/out/crops/CD16/bcfcfgnm-1.tif,,,,
209,bhihpodi-1,CD16,/data/yzy21/yy/aaran/out/crops/CD16/bhihpodi-1.tif,,,,
210,bioagdea-1,CD16,/data/yzy21/yy/aaran/out/crops/CD16/bioagdea-1.tif,,,,
211,bjdpbclp-1,CD16,/data/yzy21/yy/aaran/out/crops/CD16/bjdpbclp-1.tif,,,,
212,bkeiomef-1,CD16,/data/yzy21/yy/aaran/out/crops/CD16/bkeiomef-1.tif,,,,
213,blhphaob-1,CD16,/data/yzy21/yy/aaran/out/crops/CD16/blhphaob-1.tif,,,,
214,bmbbdidn-1,CD16,/data/yzy21/yy/aaran/out/crops/CD16/bmbbdidn-1.tif,,,,
215,bocaaaep-1,CD16,/data/yzy21/yy/aaran/out/crops/CD16/bocaaaep-1.tif,,,,
216,cchbfffk-1,CD16,/data/yzy21/yy/aaran/out/crops/CD16/cchbfffk-1.tif,,,,
217,cdcmbnap-1,CD16,/data/yzy21/yy/aaran/out/crops/CD16/cdcmbnap-1.tif,,,,
218,cmhgoibb-1,CD16,/data/yzy21/yy/aaran/out/crops/CD16/cmhgoibb-1.tif,,,,
219,cnhbjbme-1,CD16,/data/yzy21/yy/aaran/out/crops/CD16/cnhbjbme-1.tif,,,,
220,coapjeil-1,CD16,/data/yzy21/yy/aaran/out/crops/CD16/coapjeil-1.tif,,,,
221,dakpfhef-1,CD16,/data/yzy21/yy/aaran/out/crops/CD16/dakpfhef-1.tif,,,,
222,dbebneph-1,CD16,/data/yzy21/yy/aaran/out/crops/CD16/dbebneph-1.tif,,,,
223,ddallafl-1,CD16,/data/yzy21/yy/aaran/out/crops/CD16/ddallafl-1.tif,,,,
224,ddlnbjaf-1,CD16,/data/yzy21/yy/aaran/out/crops/CD16/ddlnbjaf-1.tif,,,,
225,dedlmoni-1,CD16,/data/yzy21/yy/aaran/out/crops/CD16/dedlmoni-1.tif,,,,
226,dfcnibod-1,CD16,/data/yzy21/yy/aaran/out/crops/CD16/dfcnibod-1.tif,,,,
227,diibnnbo-1,CD16,/data/yzy21/yy/aaran/out/crops/CD16/diibnnbo-1.tif,,,,
228,dlbdiklg-1,CD16,/data/yzy21/yy/aaran/out/crops/CD16/dlbdiklg-1.tif,,,,
229,dlldjfgh-1,CD16,/data/yzy21/yy/aaran/out/crops/CD16/dlldjfgh-1.tif,,,,
230,dlollkcl-1,CD16,/data/yzy21/yy/aaran/out/crops/CD16/dlollkcl-1.tif,,,,
231,dmfbefdf-1,CD16,/data/yzy21/yy/aaran/out/crops/CD16/dmfbefdf-1.tif,,,,
232,dnfbkgjh-1,CD16,/data/yzy21/yy/aaran/out/crops/CD16/dnfbkgjh-1.tif,,,,
233,domkpeik-1,CD16,/data/yzy21/yy/aaran/out/crops/CD16/domkpeik-1.tif,,,,
234,eeclnapc-1,CD16,/data/yzy21/yy/aaran/out/crops/CD16/eeclnapc-1.tif,,,,
235,eeoigmkc-1,CD16,/data/yzy21/yy/aaran/out/crops/CD16/eeoigmkc-1.tif,,,,
236,efjmjnjj-1,CD16,/data/yzy21/yy/aaran/out/crops/CD16/efjmjnjj-1.tif,,,,
237,efjmmhde-1,CD16,/data/yzy21/yy/aaran/out/crops/CD16/efjmmhde-1.tif,,,,
238,eknjojea-1,CD16,/data/yzy21/yy/aaran/out/crops/CD16/eknjojea-1.tif,,,,
239,eogbibdd-1,CD16,/data/yzy21/yy/aaran/out/crops/CD16/eogbibdd-1.tif,,,,
240,eogbjbff-1,CD16,/data/yzy21/yy/aaran/out/crops/CD16/eogbjbff-1.tif,,,,
241,epfcnkpa-1,CD16,/data/yzy21/yy/aaran/out/crops/CD16/epfcnkpa-1.tif,,,,
242,fbfdkani-1,CD16,/data/yzy21/yy/aaran/out/crops/CD16/fbfdkani-1.tif,,,,
243,fbkggiif-1,CD16,/data/yzy21/yy/aaran/out/crops/CD16/fbkggiif-1.tif,,,,
244,fcjeibfk-1,CD16,/data/yzy21/yy/aaran/out/crops/CD16/fcjeibfk-1.tif,,,,
245,fclngbbn-1,CD16,/data/yzy21/yy/aaran/out/crops/CD16/fclngbbn-1.tif,,,,
246,fdbengni-1,CD16,/data/yzy21/yy/aaran/out/crops/CD16/fdbengni-1.tif,,,,
247,fllelfdm-1,CD16,/data/yzy21/yy/aaran/out/crops/CD16/fllelfdm-1.tif,,,,
248,flnlilnj-1,CD16,/data/yzy21/yy/aaran/out/crops/CD16/flnlilnj-1.tif,,,,
249,gbenmmnp-1,CD16,/data/yzy21/yy/aaran/out/crops/CD16/gbenmmnp-1.tif,,,,
250,gipeficp-1,CD16,/data/yzy21/yy/aaran/out/crops/CD16/gipeficp-1.tif,,,,
251,gipmdcoi-1,CD16,/data/yzy21/yy/aaran/out/crops/CD16/gipmdcoi-1.tif,,,,
252,gjkacpad-1,CD16,/data/yzy21/yy/aaran/out/crops/CD16/gjkacpad-1.tif,,,,
253,gmnddbfk-1,CD16,/data/yzy21/yy/aaran/out/crops/CD16/gmnddbfk-1.tif,,,,
254,gpjifadk-1,CD16,/data/yzy21/yy/aaran/out/crops/CD16/gpjifadk-1.tif,,,,
255,heagbdlb-1,CD16,/data/yzy21/yy/aaran/out/crops/CD16/heagbdlb-1.tif,,,,
256,hedicckc-1,CD16,/data/yzy21/yy/aaran/out/crops/CD16/hedicckc-1.tif,,,,
257,hfbdbinn-1,CD16,/data/yzy21/yy/aaran/out/crops/CD16/hfbdbinn-1.tif,,,,
258,hicicpok-1,CD16,/data/yzy21/yy/aaran/out/crops/CD16/hicicpok-1.tif,,,,
259,ibooghfc-1,CD16,/data/yzy21/yy/aaran/out/crops/CD16/ibooghfc-1.tif,,,,
260,ibppkdbc-1,CD16,/data/yzy21/yy/aaran/out/crops/CD16/ibppkdbc-1.tif,,,,
261,icbhplgg-1,CD16,/data/yzy21/yy/aaran/out/crops/CD16/icbhplgg-1.tif,,,,
262,icbjdlfk-1,CD16,/data/yzy21/yy/aaran/out/crops/CD16/icbjdlfk-1.tif,,,,
263,igadgimn-1,CD16,/data/yzy21/yy/aaran/out/crops/CD16/igadgimn-1.tif,,,,
264,ihbifboe-1,CD16,/data/yzy21/yy/aaran/out/crops/CD16/ihbifboe-1.tif,,,,
265,ihcdhflk-1,CD16,/data/yzy21/yy/aaran/out/crops/CD16/ihcdhflk-1.tif,,,,
266,ihngpmjg-1,CD16,/data/yzy21/yy/aaran/out/crops/CD16/ihngpmjg-1.tif,,,,
267,ikppmobd-1,CD16,/data/yzy21/yy/aaran/out/crops/CD16/ikppmobd-1.tif,,,,
268,ilkjbdan-1,CD16,/data/yzy21/yy/aaran/out/crops/CD16/ilkjbdan-1.tif,,,,
269,impilidc-1,CD16,/data/yzy21/yy/aaran/out/crops/CD16/impilidc-1.tif,,,,
270,jchcbohg-1,CD16,/data/yzy21/yy/aaran/out/crops/CD16/jchcbohg-1.tif,,,,
271,jfnndenj-1,CD16,/data/yzy21/yy/aaran/out/crops/CD16/jfnndenj-1.tif,,,,
272,jgfbjblc-1,CD16,/data/yzy21/yy/aaran/out/crops/CD16/jgfbjblc-1.tif,,,,
273,jigeiojm-1,CD16,/data/yzy21/yy/aaran/out/crops/CD16/jigeiojm-1.tif,,,,
274,kfjdhhkb-1,CD16,/data/yzy21/yy/aaran/out/crops/CD16/kfjdhhkb-1.tif,,,,
275,kfoemngo-1,CD16,/data/yzy21/yy/aaran/out/crops/CD16/kfoemngo-1.tif,,,,
276,khfoplcj-1,CD16,/data/yzy21/yy/aaran/out/crops/CD16/khfoplcj-1.tif,,,,
277,kicfohbi-1,CD16,/data/yzy21/yy/aaran/out/crops/CD16/kicfohbi-1.tif,,,,
278,kjfnhkpf-1,CD16,/data/yzy21/yy/aaran/out/crops/CD16/kjfnhkpf-1.tif,,,,
279,kkmigfeo-1,CD16,/data/yzy21/yy/aaran/out/crops/CD16/kkmigfeo-1.tif,,,,
280,klgjolcn-1,CD16,/data/yzy21/yy/aaran/out/crops/CD16/klgjolcn-1.tif,,,,
281,ldhepgon-1,CD16,/data/yzy21/yy/aaran/out/crops/CD16/ldhepgon-1.tif,,,,
282,lgooeppp-1,CD16,/data/yzy21/yy/aaran/out/crops/CD16/lgooeppp-1.tif,,,,
283,llebjmaj-1,CD16,/data/yzy21/yy/aaran/out/crops/CD16/llebjmaj-1.tif,,,,
284,llgdodcb-1,CD16,/data/yzy21/yy/aaran/out/crops/CD16/llgdodcb-1.tif,,,,
285,mfpnhfhk-1,CD16,/data/yzy21/yy/aaran/out/crops/CD16/mfpnhfhk-1.tif,,,,
286,mghgehhl-1,CD16,/data/yzy21/yy/aaran/out/crops/CD16/mghgehhl-1.tif,,,,
287,mkegbikk-1,CD16,/data/yzy21/yy/aaran/out/crops/CD16/mkegbikk-1.tif,,,,
288,mlcmjlpj-1,CD16,/data/yzy21/yy/aaran/out/crops/CD16/mlcmjlpj-1.tif,,,,
289,mpjilhdh-1,CD16,/data/yzy21/yy/aaran/out/crops/CD16/mpjilhdh-1.tif,,,,
290,nckeabam-1,CD16,/data/yzy21/yy/aaran/out/crops/CD16/nckeabam-1.tif,,,,
291,nefcecgo-1,CD16,/data/yzy21/yy/aaran/out/crops/CD16/nefcecgo-1.tif,,,,
292,nekkebjj-1,CD16,/data/yzy21/yy/aaran/out/crops/CD16/nekkebjj-1.tif,,,,
293,nicgdddo-1,CD16,/data/yzy21/yy/aaran/out/crops/CD16/nicgdddo-1.tif,,,,
294,nkfomiaf-1,CD16,/data/yzy21/yy/aaran/out/crops/CD16/nkfomiaf-1.tif,,,,
295,npjfpgdh-1,CD16,/data/yzy21/yy/aaran/out/crops/CD16/npjfpgdh-1.tif,,,,
296,obegmijk-1,CD16,/data/yzy21/yy/aaran/out/crops/CD16/obegmijk-1.tif,,,,
297,obpbnfgc-1,CD16,/data/yzy21/yy/aaran/out/crops/CD16/obpbnfgc-1.tif,,,,
298,odmpfkem-1,CD16,/data/yzy21/yy/aaran/out/crops/CD16/odmpfkem-1.tif,,,,
299,oeifclgi-1,CD16,/data/yzy21/yy/aaran/out/crops/CD16/oeifclgi-1.tif,,,,
300,ogicmnkn-1,CD16,/data/yzy21/yy/aaran/out/crops/CD16/ogicmnkn-1.tif,,,,
301,afanhcke-1,CD163,/data/yzy21/yy/aaran/out/crops/CD163/afanhcke-1.tif,,,,
302,almndddk-1,CD163,/data/yzy21/yy/aaran/out/crops/CD163/almndddk-1.tif,,,,
303,bfkccode-1,CD163,/data/yzy21/yy/aaran/out/crops/CD163/bfkccode-1.tif,,,,
304,bifgklpi-1,CD163,/data/yzy21/yy/aaran/out/crops/CD163/bifgklpi-1.tif,,,,
305,bjdpcdkl-1,CD163,/data/yzy21/yy/aaran/out/crops/CD163/bjdpcdkl-1.tif,,,,
306,bjgeplkc-1,CD163,/data/yzy21/yy/aaran/out/crops/CD163/bjgeplkc-1.tif,,,,
307,bnicibei-1,CD163,/data/yzy21/yy/aaran/out/crops/CD163/bnicibei-1.tif,,,,
308,boplhgfo-1,CD163,/data/yzy21/yy/aaran/out/crops/CD163/boplhgfo-1.tif,,,,
309,ckngnnmm-1,CD163,/data/yzy21/yy/aaran/out/crops/CD163/ckngnnmm-1.tif,,,,
310,coplaklp-1,CD163,/data/yzy21/yy/aaran/out/crops/CD163/coplaklp-1.tif,,,,
311,cpomjdcm-1,CD163,/data/yzy21/yy/aaran/out/crops/CD163/cpomjdcm-1.tif,,,,
312,daijiign-1,CD163,/data/yzy21/yy/aaran/out/crops/CD163/daijiign-1.tif,,,,
313,ddndbbaj-1,CD163,/data/yzy21/yy/aaran/out/crops/CD163/ddndbbaj-1.tif,,,,
314,dheokklo-1,CD163,/data/yzy21/yy/aaran/out/crops/CD163/dheokklo-1.tif,,,,
315,diengnmb-1,CD163,/data/yzy21/yy/aaran/out/crops/CD163/diengnmb-1.tif,,,,
316,djiefekg-1,CD163,/data/yzy21/yy/aaran/out/crops/CD163/djiefekg-1.tif,,,,
317,dkllhomh-1,CD163,/data/yzy21/yy/aaran/out/crops/CD163/dkllhomh-1.tif,,,,
318,dlellddh-1,CD163,/data/yzy21/yy/aaran/out/crops/CD163/dlellddh-1.tif,,,,
319,dlfiekcb-1,CD163,/data/yzy21/yy/aaran/out/crops/CD163/dlfiekcb-1.tif,,,,
320,dlnanmnb-1,CD163,/data/yzy21/yy/aaran/out/crops/CD163/dlnanmnb-1.tif,,,,
321,dnehfbng-1,CD163,/data/yzy21/yy/aaran/out/crops/CD163/dnehfbng-1.tif,,,,
322,dogdacmm-1,CD163,/data/yzy21/yy/aaran/out/crops/CD163/dogdacmm-1.tif,,,,
323,dojelkmk-1,CD163,/data/yzy21/yy/aaran/out/crops/CD163/dojelkmk-1.tif,,,,
324,dpjelgbc-1,CD163,/data/yzy21/yy/aaran/out/crops/CD163/dpjelgbc-1.tif,,,,
325,edfhgfpe-1,CD163,/data/yzy21/yy/aaran/out/crops/CD163/edfhgfpe-1.tif,,,,
326,edoffhim-1,CD163,/data/yzy21/yy/aaran/out/crops/CD163/edoffhim-1.tif,,,,
327,eeiejdap-1,CD163,/data/yzy21/yy/aaran/out/crops/CD163/eeiejdap-1.tif,,,,
328,efachcmk-1,CD163,/data/yzy21/yy/aaran/out/crops/CD163/efachcmk-1.tif,,,,
329,efceioal-1,CD163,/data/yzy21/yy/aaran/out/crops/CD163/efceioal-1.tif,,,,
330,ehmecogo-1,CD163,/data/yzy21/yy/aaran/out/crops/CD163/ehmecogo-1.tif,,,,
331,ehnhhhln-1,CD163,/data/yzy21/yy/aaran/out/crops/CD163/ehnhhhln-1.tif,,,,
332,ejjcjjgj-1,CD163,/data/yzy21/yy/aaran/out/crops/CD163/ejjcjjgj-1.tif,,,,
333,eljliocn-1,CD163,/data/yzy21/yy/aaran/out/crops/CD163/eljliocn-1.tif,,,,
334,fbgffpaa-1,CD163,/data/yzy21/yy/aaran/out/crops/CD163/fbgffpaa-1.tif,,,,
335,fcjeibfk-1,CD163,/data/yzy21/yy/aaran/out/crops/CD163/fcjeibfk-1.tif,,,,
336,fcpnncag-1,CD163,/data/yzy21/yy/aaran/out/crops/CD163/fcpnncag-1.tif,,,,
337,fendaigd-1,CD163,/data/yzy21/yy/aaran/out/crops/CD163/fendaigd-1.tif,,,,
338,fgimbbof-1,CD163,/data/yzy21/yy/aaran/out/crops/CD163/fgimbbof-1.tif,,,,
339,fidilphd-1,CD163,/data/yzy21/yy/aaran/out/crops/CD163/fidilphd-1.tif,,,,
340,fijdpaac-1,CD163,/data/yzy21/yy/aaran/out/crops/CD163/fijdpaac-1.tif,,,,
341,fjijkkli-1,CD163,/data/yzy21/yy/aaran/out/crops/CD163/fjijkkli-1.tif,,,,
342,foilcbkk-1,CD163,/data/yzy21/yy/aaran/out/crops/CD163/foilcbkk-1.tif,,,,
343,ghefkbcn-1,CD163,/data/yzy21/yy/aaran/out/crops/CD163/ghefkbcn-1.tif,,,,
344,gifelbek-1,CD163,/data/yzy21/yy/aaran/out/crops/CD163/gifelbek-1.tif,,,,
345,gkaniamb-1,CD163,/data/yzy21/yy/aaran/out/crops/CD163/gkaniamb-1.tif,,,,
346,hbkicdda-1,CD163,/data/yzy21/yy/aaran/out/crops/CD163/hbkicdda-1.tif,,,,
347,hdopmdjh-1,CD163,/data/yzy21/yy/aaran/out/crops/CD163/hdopmdjh-1.tif,,,,
348,hkahefce-1,CD163,/data/yzy21/yy/aaran/out/crops/CD163/hkahefce-1.tif,,,,
349,hkhlfhpk-1,CD163,/data/yzy21/yy/aaran/out/crops/CD163/hkhlfhpk-1.tif,,,,
350,hklkodck-1,CD163,/data/yzy21/yy/aaran/out/crops/CD163/hklkodck-1.tif,,,,
351,hljilnaf-1,CD163,/data/yzy21/yy/aaran/out/crops/CD163/hljilnaf-1.tif,,,,
352,hlkpaanb-1,CD163,/data/yzy21/yy/aaran/out/crops/CD163/hlkpaanb-1.tif,,,,
353,hmepbcaa-1,CD163,/data/yzy21/yy/aaran/out/crops/CD163/hmepbcaa-1.tif,,,,
354,holgaabi-1,CD163,/data/yzy21/yy/aaran/out/crops/CD163/holgaabi-1.tif,,,,
355,hpkkjako-1,CD163,/data/yzy21/yy/aaran/out/crops/CD163/hpkkjako-1.tif,,,,
356,ibedcpif-1,CD163,/data/yzy21/yy/aaran/out/crops/CD163/ibedcpif-1.tif,,,,
357,ibhdgfan-1,CD163,/data/yzy21/yy/aaran/out/crops/CD163/ibhdgfan-1.tif,,,,
358,iddcpnng-1,CD163,/data/yzy21/yy/aaran/out/crops/CD163/iddcpnng-1.tif,,,,
359,iddfapep-1,CD163,/data/yzy21/yy/aaran/out/crops/CD163/iddfapep-1.tif,,,,
360,ifoekllg-1,CD163,/data/yzy21/yy/aaran/out/crops/CD163/ifoekllg-1.tif,,,,
361,ikdpamih-1,CD163,/data/yzy21/yy/aaran/out/crops/CD163/ikdpamih-1.tif,,,,
362,ilppfbja-1,CD163,/data/yzy21/yy/aaran/out/crops/CD163/ilppfbja-1.tif,,,,
363,imifjbej-1,CD163,/data/yzy21/yy/aaran/out/crops/CD163/imifjbej-1.tif,,,,
364,iofchhan-1,CD163,/data/yzy21/yy/aaran/out/crops/CD163/iofchhan-1.tif,,,,
365,ioofghed-1,CD163,/data/yzy21/yy/aaran/out/crops/CD163/ioofghed-1.tif,,,,
366,ipbjfmdi-1,CD163,/data/yzy21/yy/aaran/out/crops/CD163/ipbjfmdi-1.tif,,,,
367,jalfaeio-1,CD163,/data/yzy21/yy/aaran/out/crops/CD163/jalfaeio-1.tif,,,,
368,jbefedkb-1,CD163,/data/yzy21/yy/aaran/out/crops/CD163/jbefedkb-1.tif,,,,
369,jcbfhaan-1,CD163,/data/yzy21/yy/aaran/out/crops/CD163/jcbfhaan-1.tif,,,,
370,jggcjihd-1,CD163,/data/yzy21/yy/aaran/out/crops/CD163/jggcjihd-1.tif,,,,
371,jgjpocfi-1,CD163,/data/yzy21/yy/aaran/out/crops/CD163/jgjpocfi-1.tif,,,,
372,jjaplfpp-1,CD163,/data/yzy21/yy/aaran/out/crops/CD163/jjaplfpp-1.tif,,,,
373,jnjmgnim-1,CD163,/data/yzy21/yy/aaran/out/crops/CD163/jnjmgnim-1.tif,,,,
374,kbapkfmm-1,CD163,/data/yzy21/yy/aaran/out/crops/CD163/kbapkfmm-1.tif,,,,
375,kckgbhoo-1,CD163,/data/yzy21/yy/aaran/out/crops/CD163/kckgbhoo-1.tif,,,,
376,kdldeonj-1,CD163,/data/yzy21/yy/aaran/out/crops/CD163/kdldeonj-1.tif,,,,
377,kfcpamgm-1,CD163,/data/yzy21/yy/aaran/out/crops/CD163/kfcpamgm-1.tif,,,,
378,kmebnaob-1,CD163,/data/yzy21/yy/aaran/out/crops/CD163/kmebnaob-1.tif,,,,
379,kmicigic-1,CD163,/data/yzy21/yy/aaran/out/crops/CD163/kmicigic-1.tif,,,,
380,kpaolgnf-1,CD163,/data/yzy21/yy/aaran/out/crops/CD163/kpaolgnf-1.tif,,,,
381,lcbcnpbc-1,CD163,/data/yzy21/yy/aaran/out/crops/CD163/lcbcnpbc-1.tif,,,,
382,ldlcdahi-1,CD163,/data/yzy21/yy/aaran/out/crops/CD163/ldlcdahi-1.tif,,,,
383,lhheiooj-1,CD163,/data/yzy21/yy/aaran/out/crops/CD163/lhheiooj-1.tif,,,,
384,llgclbbk-1,CD163,/data/yzy21/yy/aaran/out/crops/CD163/llgclbbk-1.tif,,,,
385,mampfogm-1,CD163,/data/yzy21/yy/aaran/out/crops/CD163/mampfogm-1.tif,,,,
386,mbfhnnoo-1,CD163,/data/yzy21/yy/aaran/out/crops/CD163/mbfhnnoo-1.tif,,,,
387,mbmdmhbc-1,CD163,/data/yzy21/yy/aaran/out/crops/CD163/mbmdmhbc-1.tif,,,,
388,mbpkccbp-1,CD163,/data/yzy21/yy/aaran/out/crops/CD163/mbpkccbp-1.tif,,,,
389,miaogkfj-1,CD163,/data/yzy21/yy/aaran/out/crops/CD163/miaogkfj-1.tif,,,,
390,mmjejdco-1,CD163,/data/yzy21/yy/aaran/out/crops/CD163/mmjejdco-1.tif,,,,
391,mmpdnhad-1,CD163,/data/yzy21/yy/aaran/out/crops/CD163/mmpdnhad-1.tif,,,,
392,mpfcmfnm-1,CD163,/data/yzy21/yy/aaran/out/crops/CD163/mpfcmfnm-1.tif,,,,
393,mpplbgbl-1,CD163,/data/yzy21/yy/aaran/out/crops/CD163/mpplbgbl-1.tif,,,,
394,ngeloica-1,CD163,/data/yzy21/yy/aaran/out/crops/CD163/ngeloica-1.tif,,,,
395,ngoppbci-1,CD163,/data/yzy21/yy/aaran/out/crops/CD163/ngoppbci-1.tif,,,,
396,nibdcdem-1,CD163,/data/yzy21/yy/aaran/out/crops/CD163/nibdcdem-1.tif,,,,
397,njiehkhd-1,CD163,/data/yzy21/yy/aaran/out/crops/CD163/njiehkhd-1.tif,,,,
398,ochabafc-1,CD163,/data/yzy21/yy/aaran/out/crops/CD163/ochabafc-1.tif,,,,
399,oemellfe-1,CD163,/data/yzy21/yy/aaran/out/crops/CD163/oemellfe-1.tif,,,,
400,ogkcdbhl-1,CD163,/data/yzy21/yy/aaran/out/crops/CD163/ogkcdbhl-1.tif,,,,
401,abpnlmop-1,CD20,/data/yzy21/yy/aaran/out/crops/CD20/abpnlmop-1.tif,,,,
402,adcjppce-1,CD20,/data/yzy21/yy/aaran/out/crops/CD20/adcjppce-1.tif,,,,
403,adikmahj-1,CD20,/data/yzy21/yy/aaran/out/crops/CD20/adikmahj-1.tif,,,,
404,aechiono-1,CD20,/data/yzy21/yy/aaran/out/crops/CD20/aechiono-1.tif,,,,
405,anjhbdpc-1,CD20,/data/yzy21/yy/aaran/out/crops/CD20/anjhbdpc-1.tif,,,,
406,aocehkjg-1,CD20,/data/yzy21/yy/aaran/out/crops/CD20/aocehkjg-1.tif,,,,
407,aocfbook-1,CD20,/data/yzy21/yy/aaran/out/crops/CD20/aocfbook-1.tif,,,,
408,aodmjono-1,CD20,/data/yzy21/yy/aaran/out/crops/CD20/aodmjono-1.tif,,,,
409,aoffkjfm-1,CD20,/data/yzy21/yy/aaran/out/crops/CD20/aoffkjfm-1.tif,,,,
410,apbjajnp-1,CD20,/data/yzy21/yy/aaran/out/crops/CD20/apbjajnp-1.tif,,,,
411,apgdpjfb-1,CD20,/data/yzy21/yy/aaran/out/crops/CD20/apgdpjfb-1.tif,,,,
412,bahfkjia-1,CD20,/data/yzy21/yy/aaran/out/crops/CD20/bahfkjia-1.tif,,,,
413,bahgopkm-1,CD20,/data/yzy21/yy/aaran/out/crops/CD20/bahgopkm-1.tif,,,,
414,baknppgh-1,CD20,/data/yzy21/yy/aaran/out/crops/CD20/baknppgh-1.tif,,,,
415,bcblaaic-1,CD20,/data/yzy21/yy/aaran/out/crops/CD20/bcblaaic-1.tif,,,,
416,bcpkacic-1,CD20,/data/yzy21/yy/aaran/out/crops/CD20/bcpkacic-1.tif,,,,
417,bhlmloni-1,CD20,/data/yzy21/yy/aaran/out/crops/CD20/bhlmloni-1.tif,,,,
418,bickpjob-1,CD20,/data/yzy21/yy/aaran/out/crops/CD20/bickpjob-1.tif,,,,
419,bijbmepf-1,CD20,/data/yzy21/yy/aaran/out/crops/CD20/bijbmepf-1.tif,,,,
420,bkcjpfpe-1,CD20,/data/yzy21/yy/aaran/out/crops/CD20/bkcjpfpe-1.tif,,,,
421,bkdllihd-1,CD20,/data/yzy21/yy/aaran/out/crops/CD20/bkdllihd-1.tif,,,,
422,blbigngb-1,CD20,/data/yzy21/yy/aaran/out/crops/CD20/blbigngb-1.tif,,,,
423,boijmfka-1,CD20,/data/yzy21/yy/aaran/out/crops/CD20/boijmfka-1.tif,,,,
424,bpaigncn-1,CD20,/data/yzy21/yy/aaran/out/crops/CD20/bpaigncn-1.tif,,,,
425,cedndepj-1,CD20,/data/yzy21/yy/aaran/out/crops/CD20/cedndepj-1.tif,,,,
426,cemgkhki-1,CD20,/data/yzy21/yy/aaran/out/crops/CD20/cemgkhki-1.tif,,,,
427,ceoibblk-1,CD20,/data/yzy21/yy/aaran/out/crops/CD20/ceoibblk-1.tif,,,,
428,cfalagfa-1,CD20,/data/yzy21/yy/aaran/out/crops/CD20/cfalagfa-1.tif,,,,
429,cfkdbaam-1,CD20,/data/yzy21/yy/aaran/out/crops/CD20/cfkdbaam-1.tif,,,,
430,cfknlicd-1,CD20,/data/yzy21/yy/aaran/out/crops/CD20/cfknlicd-1.tif,,,,
431,cfmldlbm-1,CD20,/data/yzy21/yy/aaran/out/crops/CD20/cfmldlbm-1.tif,,,,
432,cglddokp-1,CD20,/data/yzy21/yy/aaran/out/crops/CD20/cglddokp-1.tif,,,,
433,cgmkkahd-1,CD20,/data/yzy21/yy/aaran/out/crops/CD20/cgmkkahd-1.tif,,,,
434,chhkbkkj-1,CD20,/data/yzy21/yy/aaran/out/crops/CD20/chhkbkkj-1.tif,,,,
435,ciblglel-1,CD20,/data/yzy21/yy/aaran/out/crops/CD20/ciblglel-1.tif,,,,
436,cidpmjeh-1,CD20,/data/yzy21/yy/aaran/out/crops/CD20/cidpmjeh-1.tif,,,,
437,cifkkndb-1,CD20,/data/yzy21/yy/aaran/out/crops/CD20/cifkkndb-1.tif,,,,
438,cihobelk-1,CD20,/data/yzy21/yy/aaran/out/crops/CD20/cihobelk-1.tif,,,,
439,ciicmbme-1,CD20,/data/yzy21/yy/aaran/out/crops/CD20/ciicmbme-1.tif,,,,
440,ciljfiad-1,CD20,/data/yzy21/yy/aaran/out/crops/CD20/ciljfiad-1.tif,,,,
441,cillfdcf-1,CD20,/data/yzy21/yy/aaran/out/crops/CD20/cillfdcf-1.tif,,,,
442,cjlnpnoi-1,CD20,/data/yzy21/yy/aaran/out/crops/CD20/cjlnpnoi-1.tif,,,,
443,clcidmia-1,CD20,/data/yzy21/yy/aaran/out/crops/CD20/clcidmia-1.tif,,,,
444,clcnmopc-1,CD20,/data/yzy21/yy/aaran/out/crops/CD20/clcnmopc-1.tif,,,,
445,cljdgbnl-1,CD20,/data/yzy21/yy/aaran/out/crops/CD20/cljdgbnl-1.tif,,,,
446,cljicoco-1,CD20,/data/yzy21/yy/aaran/out/crops/CD20/cljicoco-1.tif,,,,
447,cljnkjji-1,CD20,/data/yzy21/yy/aaran/out/crops/CD20/cljnkjji-1.tif,,,,
448,cllijigj-1,CD20,/data/yzy21/yy/aaran/out/crops/CD20/cllijigj-1.tif,,,,
449,clobpmbj-1,CD20,/data/yzy21/yy/aaran/out/crops/CD20/clobpmbj-1.tif,,,,
450,cmakgjnj-1,CD20,/data/yzy21/yy/aaran/out/crops/CD20/cmakgjnj-1.tif,,,,
451,cmbgimjg-1,CD20,/data/yzy21/yy/aaran/out/crops/CD20/cmbgimjg-1.tif,,,,
452,dbjbgoep-1,CD20,/data/yzy21/yy/aaran/out/crops/CD20/dbjbgoep-1.tif,,,,
453,dbpgjfee-1,CD20,/data/yzy21/yy/aaran/out/crops/CD20/dbpgjfee-1.tif,,,,
454,dcdpiclf-1,CD20,/data/yzy21/yy/aaran/out/crops/CD20/dcdpiclf-1.tif,,,,
455,dceamobb-1,CD20,/data/yzy21/yy/aaran/out/crops/CD20/dceamobb-1.tif,,,,
456,dcjikjfo-1,CD20,/data/yzy21/yy/aaran/out/crops/CD20/dcjikjfo-1.tif,,,,
457,dcldelil-1,CD20,/data/yzy21/yy/aaran/out/crops/CD20/dcldelil-1.tif,,,,
458,dibgegck-1,CD20,/data/yzy21/yy/aaran/out/crops/CD20/dibgegck-1.tif,,,,
459,dibgegol-1,CD20,/data/yzy21/yy/aaran/out/crops/CD20/dibgegol-1.tif,,,,
460,dppfdelb-1,CD20,/data/yzy21/yy/aaran/out/crops/CD20/dppfdelb-1.tif,,,,
461,eapogjnf-1,CD20,/data/yzy21/yy/aaran/out/crops/CD20/eapogjnf-1.tif,,,,
462,ebbemneh-1,CD20,/data/yzy21/yy/aaran/out/crops/CD20/ebbemneh-1.tif,,,,
463,ebggbeko-1,CD20,/data/yzy21/yy/aaran/out/crops/CD20/ebggbeko-1.tif,,,,
464,ebpcmahf-1,CD20,/data/yzy21/yy/aaran/out/crops/CD20/ebpcmahf-1.tif,,,,
465,ebpkdace-1,CD20,/data/yzy21/yy/aaran/out/crops/CD20/ebpkdace-1.tif,,,,
466,ecajongl-1,CD20,/data/yzy21/yy/aaran/out/crops/CD20/ecajongl-1.tif,,,,
467,eccljebn-1,CD20,/data/yzy21/yy/aaran/out/crops/CD20/eccljebn-1.tif,,,,
468,echaoinf-1,CD20,/data/yzy21/yy/aaran/out/crops/CD20/echaoinf-1.tif,,,,
469,ecijohaj-1,CD20,/data/yzy21/yy/aaran/out/crops/CD20/ecijohaj-1.tif,,,,
470,ecjipckk-1,CD20,/data/yzy21/yy/aaran/out/crops/CD20/ecjipckk-1.tif,,,,
471,ecmghnnl-1,CD20,/data/yzy21/yy/aaran/out/crops/CD20/ecmghnnl-1.tif,,,,
472,ecpgaofa-1,CD20,/data/yzy21/yy/aaran/out/crops/CD20/ecpgaofa-1.tif,,,,
473,edckahdg-1,CD20,/data/yzy21/yy/aaran/out/crops/CD20/edckahdg-1.tif,,,,
474,edlmgdgh-1,CD20,/data/yzy21/yy/aaran/out/crops/CD20/edlmgdgh-1.tif,,,,
475,eeogojdl-1,CD20,/data/yzy21/yy/aaran/out/crops/CD20/eeogojdl-1.tif,,,,
476,efdcamho-1,CD20,/data/yzy21/yy/aaran/out/crops/CD20/efdcamho-1.tif,,,,
477,egpfifda-1,CD20,/data/yzy21/yy/aaran/out/crops/CD20/egpfifda-1.tif,,,,
478,ehjdcgpa-1,CD20,/data/yzy21/yy/aaran/out/crops/CD20/ehjdcgpa-1.tif,,,,
479,eigbffdf-1,CD20,/data/yzy21/yy/aaran/out/crops/CD20/eigbffdf-1.tif,,,,
480,engaceoi-1,CD20,/data/yzy21/yy/aaran/out/crops/CD20/engaceoi-1.tif,,,,
481,eponhhdl-1,CD20,/data/yzy21/yy/aaran/out/crops/CD20/eponhhdl-1.tif,,,,
482,hbaohabc-1,CD20,/data/yzy21/yy/aaran/out/crops/CD20/hbaohabc-1.tif,,,,
483,hcohachg-1,CD20,/data/yzy21/yy/aaran/out/crops/CD20/hcohachg-1.tif,,,,
484,hcpbedhm-1,CD20,/data/yzy21/yy/aaran/out/crops/CD20/hcpbedhm-1.tif,,,,
485,hfacfofi-1,CD20,/data/yzy21/yy/aaran/out/crops/CD20/hfacfofi-1.tif,,,,
486,hhbbfjec-1,CD20,/data/yzy21/yy/aaran/out/crops/CD20/hhbbfjec-1.tif,,,,
487,hinfbogn-1,CD20,/data/yzy21/yy/aaran/out/crops/CD20/hinfbogn-1.tif,,,,
488,hkeggfdn-1,CD20,/data/yzy21/yy/aaran/out/crops/CD20/hkeggfdn-1.tif,,,,
489,jgolnddo-1,CD20,/data/yzy21/yy/aaran/out/crops/CD20/jgolnddo-1.tif,,,,
490,jhgolmog-1,CD20,/data/yzy21/yy/aaran/out/crops/CD20/jhgolmog-1.tif,,,,
491,jhlipiap-1,CD20,/data/yzy21/yy/aaran/out/crops/CD20/jhlipiap-1.tif,,,,
492,jlkpjgcf-1,CD20,/data/yzy21/yy/aaran/out/crops/CD20/jlkpjgcf-1.tif,,,,
493,jokhcnbi-1,CD20,/data/yzy21/yy/aaran/out/crops/CD20/jokhcnbi-1.tif,,,,
494,jpajncfc-1,CD20,/data/yzy21/yy/aaran/out/crops/CD20/jpajncfc-1.tif,,,,
495,jpeolphn-1,CD20,/data/yzy21/yy/aaran/out/crops/CD20/jpeolphn-1.tif,,,,
496,kaedaahh-1,CD20,/data/yzy21/yy/aaran/out/crops/CD20/kaedaahh-1.tif,,,,
497,lddkdinh-1,CD20,/data/yzy21/yy/aaran/out/crops/CD20/lddkdinh-1.tif,,,,
498,npafefbe-1,CD20,/data/yzy21/yy/aaran/out/crops/CD20/npafefbe-1.tif,,,,
499,obidkidi-1,CD20,/data/yzy21/yy/aaran/out/crops/CD20/obidkidi-1.tif,,,,
500,objicpci-1,CD20,/data/yzy21/yy/aaran/out/crops/CD20/objicpci-1.tif,,,,
501,abeanhpo-1,CD3E,/data/yzy21/yy/aaran/out/crops/CD3E/abeanhpo-1.tif,,,,
502,acembooi-1,CD3E,/data/yzy21/yy/aaran/out/crops/CD3E/acembooi-1.tif,,,,
503,addldelp-1,CD3E,/data/yzy21/yy/aaran/out/crops/CD3E/addldelp-1.tif,,,,
504,adeleepd-1,CD3E,/data/yzy21/yy/aaran/out/crops/CD3E/adeleepd-1.tif,,,,
505,afghkged-1,CD3E,/data/yzy21/yy/aaran/out/crops/CD3E/afghkged-1.tif,,,,
506,aglaobpa-1,CD3E,/data/yzy21/yy/aaran/out/crops/CD3E/aglaobpa-1.tif,,,,
507,agmfbbfp-1,CD3E,/data/yzy21/yy/aaran/out/crops/CD3E/agmfbbfp-1.tif,,,,
508,ahagkjbe-1,CD3E,/data/yzy21/yy/aaran/out/crops/CD3E/ahagkjbe-1.tif,,,,
509,ajhkebhb-1,CD3E,/data/yzy21/yy/aaran/out/crops/CD3E/ajhkebhb-1.tif,,,,
510,amhpngah-1,CD3E,/data/yzy21/yy/aaran/out/crops/CD3E/amhpngah-1.tif,,,,
511,amjcaogj-1,CD3E,/data/yzy21/yy/aaran/out/crops/CD3E/amjcaogj-1.tif,,,,
512,aomlmkhh-1,CD3E,/data/yzy21/yy/aaran/out/crops/CD3E/aomlmkhh-1.tif,,,,
513,aopenjfc-1,CD3E,/data/yzy21/yy/aaran/out/crops/CD3E/aopenjfc-1.tif,,,,
514,bbnijlmd-1,CD3E,/data/yzy21/yy/aaran/out/crops/CD3E/bbnijlmd-1.tif,,,,
515,bcnbkdbc-1,CD3E,/data/yzy21/yy/aaran/out/crops/CD3E/bcnbkdbc-1.tif,,,,
516,bdidflgh-1,CD3E,/data/yzy21/yy/aaran/out/crops/CD3E/bdidflgh-1.tif,,,,
517,beobgncb-1,CD3E,/data/yzy21/yy/aaran/out/crops/CD3E/beobgncb-1.tif,,,,
518,bgjmbapc-1,CD3E,/data/yzy21/yy/aaran/out/crops/CD3E/bgjmbapc-1.tif,,,,
519,blcpclmp-1,CD3E,/data/yzy21/yy/aaran/out/crops/CD3E/blcpclmp-1.tif,,,,
520,bloapdeb-1,CD3E,/data/yzy21/yy/aaran/out/crops/CD3E/bloapdeb-1.tif,,,,
521,bmdfimlc-1,CD3E,/data/yzy21/yy/aaran/out/crops/CD3E/bmdfimlc-1.tif,,,,
522,cajepcfk-1,CD3E,/data/yzy21/yy/aaran/out/crops/CD3E/cajepcfk-1.tif,,,,
523,cfcikafh-1,CD3E,/data/yzy21/yy/aaran/out/crops/CD3E/cfcikafh-1.tif,,,,
524,coeiicno-1,CD3E,/data/yzy21/yy/aaran/out/crops/CD3E/coeiicno-1.tif,,,,
525,cogadgcl-1,CD3E,/data/yzy21/yy/aaran/out/crops/CD3E/cogadgcl-1.tif,,,,
526,daoahjfn-1,CD3E,/data/yzy21/yy/aaran/out/crops/CD3E/daoahjfn-1.tif,,,,
527,dedibikg-1,CD3E,/data/yzy21/yy/aaran/out/crops/CD3E/dedibikg-1.tif,,,,
528,dfajfjab-1,CD3E,/data/yzy21/yy/aaran/out/crops/CD3E/dfajfjab-1.tif,,,,
529,dgdcopdi-1,CD3E,/data/yzy21/yy/aaran/out/crops/CD3E/dgdcopdi-1.tif,,,,
530,dieiefee-1,CD3E,/data/yzy21/yy/aaran/out/crops/CD3E/dieiefee-1.tif,,,,
531,dipjdjkd-1,CD3E,/data/yzy21/yy/aaran/out/crops/CD3E/dipjdjkd-1.tif,,,,
532,djhcnlgg-1,CD3E,/data/yzy21/yy/aaran/out/crops/CD3E/djhcnlgg-1.tif,,,,
533,djhkclna-1,CD3E,/data/yzy21/yy/aaran/out/crops/CD3E/djhkclna-1.tif,,,,
534,dlbcbien-1,CD3E,/data/yzy21/yy/aaran/out/crops/CD3E/dlbcbien-1.tif,,,,
535,dlfihkia-1,CD3E,/data/yzy21/yy/aaran/out/crops/CD3E/dlfihkia-1.tif,,,,
536,dlgfhkmg-1,CD3E,/data/yzy21/yy/aaran/out/crops/CD3E/dlgfhkmg-1.tif,,,,
537,dngcfekn-1,CD3E,/data/yzy21/yy/aaran/out/crops/CD3E/dngcfekn-1.tif,,,,
538,dnnljbig-1,CD3E,/data/yzy21/yy/aaran/out/crops/CD3E/dnnljbig-1.tif,,,,
539,dpbaadhl-1,CD3E,/data/yzy21/yy/aaran/out/crops/CD3E/dpbaadhl-1.tif,,,,
540,dphfigaf-1,CD3E,/data/yzy21/yy/aaran/out/crops/CD3E/dphfigaf-1.tif,,,,
541,dploogle-1,CD3E,/data/yzy21/yy/aaran/out/crops/CD3E/dploogle-1.tif,,,,
542,eafiaefo-1,CD3E,/data/yzy21/yy/aaran/out/crops/CD3E/eafiaefo-1.tif,,,,
543,eagkcebn-1,CD3E,/data/yzy21/yy/aaran/out/crops/CD3E/eagkcebn-1.tif,,,,
544,eajnmmpg-1,CD3E,/data/yzy21/yy/aaran/out/crops/CD3E/eajnmmpg-1.tif,,,,
545,ebckkelo-1,CD3E,/data/yzy21/yy/aaran/out/crops/CD3E/ebckkelo-1.tif,,,,
546,eccfpiga-1,CD3E,/data/yzy21/yy/aaran/out/crops/CD3E/eccfpiga-1.tif,,,,
547,eegbpoij-1,CD3E,/data/yzy21/yy/aaran/out/crops/CD3E/eegbpoij-1.tif,,,,
548,eeihcnci-1,CD3E,/data/yzy21/yy/aaran/out/crops/CD3E/eeihcnci-1.tif,,,,
549,efpefcnn-1,CD3E,/data/yzy21/yy/aaran/out/crops/CD3E/efpefcnn-1.tif,,,,
550,eilmmjpp-1,CD3E,/data/yzy21/yy/aaran/out/crops/CD3E/eilmmjpp-1.tif,,,,
551,elmeifgj-1,CD3E,/data/yzy21/yy/aaran/out/crops/CD3E/elmeifgj-1.tif,,,,
552,elnaimdj-1,CD3E,/data/yzy21/yy/aaran/out/crops/CD3E/elnaimdj-1.tif,,,,
553,eoofddmb-1,CD3E,/data/yzy21/yy/aaran/out/crops/CD3E/eoofddmb-1.tif,,,,
554,eoolllld-1,CD3E,/data/yzy21/yy/aaran/out/crops/CD3E/eoolllld-1.tif,,,,
555,eopadbak-1,CD3E,/data/yzy21/yy/aaran/out/crops/CD3E/eopadbak-1.tif,,,,
556,epckamak-1,CD3E,/data/yzy21/yy/aaran/out/crops/CD3E/epckamak-1.tif,,,,
557,feaokpmg-1,CD3E,/data/yzy21/yy/aaran/out/crops/CD3E/feaokpmg-1.tif,,,,
558,fecphcjn-1,CD3E,/data/yzy21/yy/aaran/out/crops/CD3E/fecphcjn-1.tif,,,,
559,ffjfilke-1,CD3E,/data/yzy21/yy/aaran/out/crops/CD3E/ffjfilke-1.tif,,,,
560,fgebdinl-1,CD3E,/data/yzy21/yy/aaran/out/crops/CD3E/fgebdinl-1.tif,,,,
561,fglkgmog-1,CD3E,/data/yzy21/yy/aaran/out/crops/CD3E/fglkgmog-1.tif,,,,
562,fhhcjdlk-1,CD3E,/data/yzy21/yy/aaran/out/crops/CD3E/fhhcjdlk-1.tif,,,,
563,fhmnmipl-1,CD3E,/data/yzy21/yy/aaran/out/crops/CD3E/fhmnmipl-1.tif,,,,
564,fhplcdhg-1,CD3E,/data/yzy21/yy/aaran/out/crops/CD3E/fhplcdhg-1.tif,,,,
565,golhjekp-1,CD3E,/data/yzy21/yy/aaran/out/crops/CD3E/golhjekp-1.tif,,,,
566,gpachgom-1,CD3E,/data/yzy21/yy/aaran/out/crops/CD3E/gpachgom-1.tif,,,,
567,haaogpca-1,CD3E,/data/yzy21/yy/aaran/out/crops/CD3E/haaogpca-1.tif,,,,
568,hclblbkd-1,CD3E,/data/yzy21/yy/aaran/out/crops/CD3E/hclblbkd-1.tif,,,,
569,hfamcikm-1,CD3E,/data/yzy21/yy/aaran/out/crops/CD3E/hfamcikm-1.tif,,,,
570,hfmnbocf-1,CD3E,/data/yzy21/yy/aaran/out/crops/CD3E/hfmnbocf-1.tif,,,,
571,hngakanm-1,CD3E,/data/yzy21/yy/aaran/out/crops/CD3E/hngakanm-1.tif,,,,
572,hnpggajj-1,CD3E,/data/yzy21/yy/aaran/out/crops/CD3E/hnpggajj-1.tif,,,,
573,hpaiogkm-1,CD3E,/data/yzy21/yy/aaran/out/crops/CD3E/hpaiogkm-1.tif,,,,
574,idikdepl-1,CD3E,/data/yzy21/yy/aaran/out/crops/CD3E/idikdepl-1.tif,,,,
575,iecojbok-1,CD3E,/data/yzy21/yy/aaran/out/crops/CD3E/iecojbok-1.tif,,,,
576,immogdea-1,CD3E,/data/yzy21/yy/aaran/out/crops/CD3E/immogdea-1.tif,,,,
577,ipdijhnd-1,CD3E,/data/yzy21/yy/aaran/out/crops/CD3E/ipdijhnd-1.tif,,,,
578,jafbjolb-1,CD3E,/data/yzy21/yy/aaran/out/crops/CD3E/jafbjolb-1.tif,,,,
579,jbhmjcho-1,CD3E,/data/yzy21/yy/aaran/out/crops/CD3E/jbhmjcho-1.tif,,,,
580,jdgohegl-1,CD3E,/data/yzy21/yy/aaran/out/crops/CD3E/jdgohegl-1.tif,,,,
581,jgghgicf-1,CD3E,/data/yzy21/yy/aaran/out/crops/CD3E/jgghgicf-1.tif,,,,
582,jheafdcc-1,CD3E,/data/yzy21/yy/aaran/out/crops/CD3E/jheafdcc-1.tif,,,,
583,jliipfek-1,CD3E,/data/yzy21/yy/aaran/out/crops/CD3E/jliipfek-1.tif,,,,
584,jpadakfm-1,CD3E,/data/yzy21/yy/aaran/out/crops/CD3E/jpadakfm-1.tif,,,,
585,jpdolbbm-1,CD3E,/data/yzy21/yy/aaran/out/crops/CD3E/jpdolbbm-1.tif,,,,
586,kkflnhjb-1,CD3E,/data/yzy21/yy/aaran/out/crops/CD3E/kkflnhjb-1.tif,,,,
587,kolopcgn-1,CD3E,/data/yzy21/yy/aaran/out/crops/CD3E/kolopcgn-1.tif,,,,
588,kpiagmph-1,CD3E,/data/yzy21/yy/aaran/out/crops/CD3E/kpiagmph-1.tif,,,,
589,lakhnkam-1,CD3E,/data/yzy21/yy/aaran/out/crops/CD3E/lakhnkam-1.tif,,,,
590,lbbjkmol-1,CD3E,/data/yzy21/yy/aaran/out/crops/CD3E/lbbjkmol-1.tif,,,,
591,lcjpbnnf-1,CD3E,/data/yzy21/yy/aaran/out/crops/CD3E/lcjpbnnf-1.tif,,,,
592,lffepeph-1,CD3E,/data/yzy21/yy/aaran/out/crops/CD3E/lffepeph-1.tif,,,,
593,lhkpekph-1,CD3E,/data/yzy21/yy/aaran/out/crops/CD3E/lhkpekph-1.tif,,,,
594,mkbkmmif-1,CD3E,/data/yzy21/yy/aaran/out/crops/CD3E/mkbkmmif-1.tif,,,,
595,mkfhfhpf-1,CD3E,/data/yzy21/yy/aaran/out/crops/CD3E/mkfhfhpf-1.tif,,,,
596,mnnpdkpm-1,CD3E,/data/yzy21/yy/aaran/out/crops/CD3E/mnnpdkpm-1.tif,,,,
597,mokhacmh-1,CD3E,/data/yzy21/yy/aaran/out/crops/CD3E/mokhacmh-1.tif,,,,
598,nnbdjkdj-1,CD3E,/data/yzy21/yy/aaran/out/crops/CD3E/nnbdjkdj-1.tif,,,,
599,ogcjeejc-1,CD3E,/data/yzy21/yy/aaran/out/crops/CD3E/ogcjeejc-1.tif,,,,
600,oggfmaje-1,CD3E,/data/yzy21/yy/aaran/out/crops/CD3E/oggfmaje-1.tif,,,,
601,abpebpdl-1,CD4,/data/yzy21/yy/aaran/out/crops/CD4/abpebpdl-1.tif,,,,
602,adloijin-1,CD4,/data/yzy21/yy/aaran/out/crops/CD4/adloijin-1.tif,,,,
603,afjigdac-1,CD4,/data/yzy21/yy/aaran/out/crops/CD4/afjigdac-1.tif,,,,
604,anelaika-1,CD4,/data/yzy21/yy/aaran/out/crops/CD4/anelaika-1.tif,,,,
605,anoodenc-1,CD4,/data/yzy21/yy/aaran/out/crops/CD4/anoodenc-1.tif,,,,
606,anopgcgl-1,CD4,/data/yzy21/yy/aaran/out/crops/CD4/anopgcgl-1.tif,,,,
607,aoiofjko-1,CD4,/data/yzy21/yy/aaran/out/crops/CD4/aoiofjko-1.tif,,,,
608,bakopoii-1,CD4,/data/yzy21/yy/aaran/out/crops/CD4/bakopoii-1.tif,,,,
609,balihaek-1,CD4,/data/yzy21/yy/aaran/out/crops/CD4/balihaek-1.tif,,,,
610,bcdhmoee-1,CD4,/data/yzy21/yy/aaran/out/crops/CD4/bcdhmoee-1.tif,,,,
611,bcppdjno-1,CD4,/data/yzy21/yy/aaran/out/crops/CD4/bcppdjno-1.tif,,,,
612,bdhkbeid-1,CD4,/data/yzy21/yy/aaran/out/crops/CD4/bdhkbeid-1.tif,,,,
613,becdonef-1,CD4,/data/yzy21/yy/aaran/out/crops/CD4/becdonef-1.tif,,,,
614,bfbeelpj-1,CD4,/data/yzy21/yy/aaran/out/crops/CD4/bfbeelpj-1.tif,,,,
615,bgahcdkn-1,CD4,/data/yzy21/yy/aaran/out/crops/CD4/bgahcdkn-1.tif,,,,
616,bgegmmme-1,CD4,/data/yzy21/yy/aaran/out/crops/CD4/bgegmmme-1.tif,,,,
617,bhhhhbcb-1,CD4,/data/yzy21/yy/aaran/out/crops/CD4/bhhhhbcb-1.tif,,,,
618,bhjlgdag-1,CD4,/data/yzy21/yy/aaran/out/crops/CD4/bhjlgdag-1.tif,,,,
619,bhjlljpe-1,CD4,/data/yzy21/yy/aaran/out/crops/CD4/bhjlljpe-1.tif,,,,
620,bmpoldbc-1,CD4,/data/yzy21/yy/aaran/out/crops/CD4/bmpoldbc-1.tif,,,,
621,bnebjbmh-1,CD4,/data/yzy21/yy/aaran/out/crops/CD4/bnebjbmh-1.tif,,,,
622,bohjnjke-1,CD4,/data/yzy21/yy/aaran/out/crops/CD4/bohjnjke-1.tif,,,,
623,boohfijm-1,CD4,/data/yzy21/yy/aaran/out/crops/CD4/boohfijm-1.tif,,,,
624,camojhnl-1,CD4,/data/yzy21/yy/aaran/out/crops/CD4/camojhnl-1.tif,,,,
625,ceelecmf-1,CD4,/data/yzy21/yy/aaran/out/crops/CD4/ceelecmf-1.tif,,,,
626,ceenmbcj-1,CD4,/data/yzy21/yy/aaran/out/crops/CD4/ceenmbcj-1.tif,,,,
627,cfgobabn-1,CD4,/data/yzy21/yy/aaran/out/crops/CD4/cfgobabn-1.tif,,,,
628,chobagpd-1,CD4,/data/yzy21/yy/aaran/out/crops/CD4/chobagpd-1.tif,,,,
629,cicafibi-1,CD4,/data/yzy21/yy/aaran/out/crops/CD4/cicafibi-1.tif,,,,
630,ciggbike-1,CD4,/data/yzy21/yy/aaran/out/crops/CD4/ciggbike-1.tif,,,,
631,cjddljkk-1,CD4,/data/yzy21/yy/aaran/out/crops/CD4/cjddljkk-1.tif,,,,
632,cjjgekob-1,CD4,/data/yzy21/yy/aaran/out/crops/CD4/cjjgekob-1.tif,,,,
633,cjnejdkh-1,CD4,/data/yzy21/yy/aaran/out/crops/CD4/cjnejdkh-1.tif,,,,
634,cljdkkac-1,CD4,/data/yzy21/yy/aaran/out/crops/CD4/cljdkkac-1.tif,,,,
635,dampnjgc-1,CD4,/data/yzy21/yy/aaran/out/crops/CD4/dampnjgc-1.tif,,,,
636,ddmbgoad-1,CD4,/data/yzy21/yy/aaran/out/crops/CD4/ddmbgoad-1.tif,,,,
637,dfikbfpj-1,CD4,/data/yzy21/yy/aaran/out/crops/CD4/dfikbfpj-1.tif,,,,
638,dfpdfeho-1,CD4,/data/yzy21/yy/aaran/out/crops/CD4/dfpdfeho-1.tif,,,,
639,dhpmlblj-1,CD4,/data/yzy21/yy/aaran/out/crops/CD4/dhpmlblj-1.tif,,,,
640,dipoajia-1,CD4,/data/yzy21/yy/aaran/out/crops/CD4/dipoajia-1.tif,,,,
641,dkjgdgbk-1,CD4,/data/yzy21/yy/aaran/out/crops/CD4/dkjgdgbk-1.tif,,,,
642,dknnhhha-1,CD4,/data/yzy21/yy/aaran/out/crops/CD4/dknnhhha-1.tif,,,,
643,dlfnidon-1,CD4,/data/yzy21/yy/aaran/out/crops/CD4/dlfnidon-1.tif,,,,
644,dloebnih-1,CD4,/data/yzy21/yy/aaran/out/crops/CD4/dloebnih-1.tif,,,,
645,dmnnebdn-1,CD4,/data/yzy21/yy/aaran/out/crops/CD4/dmnnebdn-1.tif,,,,
646,donnglkf-1,CD4,/data/yzy21/yy/aaran/out/crops/CD4/donnglkf-1.tif,,,,
647,dpilmhln-1,CD4,/data/yzy21/yy/aaran/out/crops/CD4/dpilmhln-1.tif,,,,
648,dpjeiecg-1,CD4,/data/yzy21/yy/aaran/out/crops/CD4/dpjeiecg-1.tif,,,,
649,dpkjpghd-1,CD4,/data/yzy21/yy/aaran/out/crops/CD4/dpkjpghd-1.tif,,,,
650,dplgmodm-1,CD4,/data/yzy21/yy/aaran/out/crops/CD4/dplgmodm-1.tif,,,,
651,eafbpnjg-1,CD4,/data/yzy21/yy/aaran/out/crops/CD4/eafbpnjg-1.tif,,,,
652,ebcficij-1,CD4,/data/yzy21/yy/aaran/out/crops/CD4/ebcficij-1.tif,,,,
653,ebcfpipa-1,CD4,/data/yzy21/yy/aaran/out/crops/CD4/ebcfpipa-1.tif,,,,
654,ebfapdbl-1,CD4,/data/yzy21/yy/aaran/out/crops/CD4/ebfapdbl-1.tif,,,,
655,ebhpfdfp-1,CD4,/data/yzy21/yy/aaran/out/crops/CD4/ebhpfdfp-1.tif,,,,
656,efghmkeb-1,CD4,/data/yzy21/yy/aaran/out/crops/CD4/efghmkeb-1.tif,,,,
657,egflecdg-1,CD4,/data/yzy21/yy/aaran/out/crops/CD4/egflecdg-1.tif,,,,
658,eibbhmal-1,CD4,/data/yzy21/yy/aaran/out/crops/CD4/eibbhmal-1.tif,,,,
659,eilklkmf-1,CD4,/data/yzy21/yy/aaran/out/crops/CD4/eilklkmf-1.tif,,,,
660,ejakibhd-1,CD4,/data/yzy21/yy/aaran/out/crops/CD4/ejakibhd-1.tif,,,,
661,ejcjdahk-1,CD4,/data/yzy21/yy/aaran/out/crops/CD4/ejcjdahk-1.tif,,,,
662,ejgpomel-1,CD4,/data/yzy21/yy/aaran/out/crops/CD4/ejgpomel-1.tif,,,,
663,ekeknkeh-1,CD4,/data/yzy21/yy/aaran/out/crops/CD4/ekeknkeh-1.tif,,,,
664,ekjpgjlb-1,CD4,/data/yzy21/yy/aaran/out/crops/CD4/ekjpgjlb-1.tif,,,,
665,eolnbmff-1,CD4,/data/yzy21/yy/aaran/out/crops/CD4/eolnbmff-1.tif,,,,
666,eonhhmgb-1,CD4,/data/yzy21/yy/aaran/out/crops/CD4/eonhhmgb-1.tif,,,,
667,epcejnlb-1,CD4,/data/yzy21/yy/aaran/out/crops/CD4/epcejnlb-1.tif,,,,
668,fafgddkk-1,CD4,/data/yzy21/yy/aaran/out/crops/CD4/fafgddkk-1.tif,,,,
669,fddjmjec-1,CD4,/data/yzy21/yy/aaran/out/crops/CD4/fddjmjec-1.tif,,,,
670,feajnoaa-1,CD4,/data/yzy21/yy/aaran/out/crops/CD4/feajnoaa-1.tif,,,,
671,febmplkk-1,CD4,/data/yzy21/yy/aaran/out/crops/CD4/febmplkk-1.tif,,,,
672,fffdokkc-1,CD4,/data/yzy21/yy/aaran/out/crops/CD4/fffdokkc-1.tif,,,,
673,fgbnajgi-1,CD4,/data/yzy21/yy/aaran/out/crops/CD4/fgbnajgi-1.tif,,,,
674,fhagpook-1,CD4,/data/yzy21/yy/aaran/out/crops/CD4/fhagpook-1.tif,,,,
675,fikjebmo-1,CD4,/data/yzy21/yy/aaran/out/crops/CD4/fikjebmo-1.tif,,,,
676,hclmllop-1,CD4,/data/yzy21/yy/aaran/out/crops/CD4/hclmllop-1.tif,,,,
677,hgcflkao-1,CD4,/data/yzy21/yy/aaran/out/crops/CD4/hgcflkao-1.tif,,,,
678,hjbchifc-1,CD4,/data/yzy21/yy/aaran/out/crops/CD4/hjbchifc-1.tif,,,,
679,hkamnbgi-1,CD4,/data/yzy21/yy/aaran/out/crops/CD4/hkamnbgi-1.tif,,,,
680,hppjckdc-1,CD4,/data/yzy21/yy/aaran/out/crops/CD4/hppjckdc-1.tif,,,,
681,iechadfo-1,CD4,/data/yzy21/yy/aaran/out/crops/CD4/iechadfo-1.tif,,,,
682,iomjnkan-1,CD4,/data/yzy21/yy/aaran/out/crops/CD4/iomjnkan-1.tif,,,,
683,ioppjceo-1,CD4,/data/yzy21/yy/aaran/out/crops/CD4/ioppjceo-1.tif,,,,
684,ipgnddcb-1,CD4,/data/yzy21/yy/aaran/out/crops/CD4/ipgnddcb-1.tif,,,,
685,jgcjnbif-1,CD4,/data/yzy21/yy/aaran/out/crops/CD4/jgcjnbif-1.tif,,,,
686,jgfmpkkg-1,CD4,/data/yzy21/yy/aaran/out/crops/CD4/jgfmpkkg-1.tif,,,,
687,jjlhoadk-1,CD4,/data/yzy21/yy/aaran/out/crops/CD4/jjlhoadk-1.tif,,,,
688,jkojnbjf-1,CD4,/data/yzy21/yy/aaran/out/crops/CD4/jkojnbjf-1.tif,,,,
689,jlcjhiof-1,CD4,/data/yzy21/yy/aaran/out/crops/CD4/jlcjhiof-1.tif,,,,
690,jncngnoo-1,CD4,/data/yzy21/yy/aaran/out/crops/CD4/jncngnoo-1.tif,,,,
691,jokcdkgg-1,CD4,/data/yzy21/yy/aaran/out/crops/CD4/jokcdkgg-1.tif,,,,
692,kapahnbn-1,CD4,/data/yzy21/yy/aaran/out/crops/CD4/kapahnbn-1.tif,,,,
693,kobokakc-1,CD4,/data/yzy21/yy/aaran/out/crops/CD4/kobokakc-1.tif,,,,
694,nigciele-1,CD4,/data/yzy21/yy/aaran/out/crops/CD4/nigciele-1.tif,,,,
695,npgedgab-1,CD4,/data/yzy21/yy/aaran/out/crops/CD4/npgedgab-1.tif,,,,
696,npiffnko-1,CD4,/data/yzy21/yy/aaran/out/crops/CD4/npiffnko-1.tif,,,,
697,obkbghmm-1,CD4,/data/yzy21/yy/aaran/out/crops/CD4/obkbghmm-1.tif,,,,
698,obkgjalk-1,CD4,/data/yzy21/yy/aaran/out/crops/CD4/obkgjalk-1.tif,,,,
699,oclkachb-1,CD4,/data/yzy21/yy/aaran/out/crops/CD4/oclkachb-1.tif,,,,
700,ohjphejc-1,CD4,/data/yzy21/yy/aaran/out/crops/CD4/ohjphejc-1.tif,,,,
701,aacdbdpo-1,CD68,/data/yzy21/yy/aaran/out/crops/CD68/aacdbdpo-1.tif,,,,
702,abbdcnme-1,CD68,/data/yzy21/yy/aaran/out/crops/CD68/abbdcnme-1.tif,,,,
703,abhhepjj-1,CD68,/data/yzy21/yy/aaran/out/crops/CD68/abhhepjj-1.tif,,,,
704,abnmgjbh-1,CD68,/data/yzy21/yy/aaran/out/crops/CD68/abnmgjbh-1.tif,,,,
705,abobcoek-1,CD68,/data/yzy21/yy/aaran/out/crops/CD68/abobcoek-1.tif,,,,
706,acdbhfed-1,CD68,/data/yzy21/yy/aaran/out/crops/CD68/acdbhfed-1.tif,,,,
707,acjjfdnm-1,CD68,/data/yzy21/yy/aaran/out/crops/CD68/acjjfdnm-1.tif,,,,
708,aeoolkpn-1,CD68,/data/yzy21/yy/aaran/out/crops/CD68/aeoolkpn-1.tif,,,,
709,afbpkfkl-1,CD68,/data/yzy21/yy/aaran/out/crops/CD68/afbpkfkl-1.tif,,,,
710,afgencjo-1,CD68,/data/yzy21/yy/aaran/out/crops/CD68/afgencjo-1.tif,,,,
711,aghgggcp-1,CD68,/data/yzy21/yy/aaran/out/crops/CD68/aghgggcp-1.tif,,,,
712,agjgogam-1,CD68,/data/yzy21/yy/aaran/out/crops/CD68/agjgogam-1.tif,,,,
713,agncacic-1,CD68,/data/yzy21/yy/aaran/out/crops/CD68/agncacic-1.tif,,,,
714,agokddbp-1,CD68,/data/yzy21/yy/aaran/out/crops/CD68/agokddbp-1.tif,,,,
715,agpcmmaa-1,CD68,/data/yzy21/yy/aaran/out/crops/CD68/agpcmmaa-1.tif,,,,
716,agpjldhj-1,CD68,/data/yzy21/yy/aaran/out/crops/CD68/agpjldhj-1.tif,,,,
717,ahdndkkf-1,CD68,/data/yzy21/yy/aaran/out/crops/CD68/ahdndkkf-1.tif,,,,
718,ahjggfja-1,CD68,/data/yzy21/yy/aaran/out/crops/CD68/ahjggfja-1.tif,,,,
719,aigbmemp-1,CD68,/data/yzy21/yy/aaran/out/crops/CD68/aigbmemp-1.tif,,,,
720,aijmjifl-1,CD68,/data/yzy21/yy/aaran/out/crops/CD68/aijmjifl-1.tif,,,,
721,ailpljlc-1,CD68,/data/yzy21/yy/aaran/out/crops/CD68/ailpljlc-1.tif,,,,
722,aindpeka-1,CD68,/data/yzy21/yy/aaran/out/crops/CD68/aindpeka-1.tif,,,,
723,ajcmhphm-1,CD68,/data/yzy21/yy/aaran/out/crops/CD68/ajcmhphm-1.tif,,,,
724,ajjlgpjp-1,CD68,/data/yzy21/yy/aaran/out/crops/CD68/ajjlgpjp-1.tif,,,,
725,akaopkph-1,CD68,/data/yzy21/yy/aaran/out/crops/CD68/akaopkph-1.tif,,,,
726,akbdacnj-1,CD68,/data/yzy21/yy/aaran/out/crops/CD68/akbdacnj-1.tif,,,,
727,akjoaigp-1,CD68,/data/yzy21/yy/aaran/out/crops/CD68/akjoaigp-1.tif,,,,
728,alldjfpe-1,CD68,/data/yzy21/yy/aaran/out/crops/CD68/alldjfpe-1.tif,,,,
729,almadacd-1,CD68,/data/yzy21/yy/aaran/out/crops/CD68/almadacd-1.tif,,,,
730,amapfmkc-1,CD68,/data/yzy21/yy/aaran/out/crops/CD68/amapfmkc-1.tif,,,,
731,amjpbbgk-1,CD68,/data/yzy21/yy/aaran/out/crops/CD68/amjpbbgk-1.tif,,,,
732,aogfboab-1,CD68,/data/yzy21/yy/aaran/out/crops/CD68/aogfboab-1.tif,,,,
733,apnenjlb-1,CD68,/data/yzy21/yy/aaran/out/crops/CD68/apnenjlb-1.tif,,,,
734,apokefdj-1,CD68,/data/yzy21/yy/aaran/out/crops/CD68/apokefdj-1.tif,,,,
735,bballiap-1,CD68,/data/yzy21/yy/aaran/out/crops/CD68/bballiap-1.tif,,,,
736,bbbkjkah-1,CD68,/data/yzy21/yy/aaran/out/crops/CD68/bbbkjkah-1.tif,,,,
737,bbdkbihn-1,CD68,/data/yzy21/yy/aaran/out/crops/CD68/bbdkbihn-1.tif,,,,
738,bbidgnaj-1,CD68,/data/yzy21/yy/aaran/out/crops/CD68/bbidgnaj-1.tif,,,,
739,bblihfmn-1,CD68,/data/yzy21/yy/aaran/out/crops/CD68/bblihfmn-1.tif,,,,
740,bcneeilb-1,CD68,/data/yzy21/yy/aaran/out/crops/CD68/bcneeilb-1.tif,,,,
741,befmmled-1,CD68,/data/yzy21/yy/aaran/out/crops/CD68/befmmled-1.tif,,,,
742,bemeafki-1,CD68,/data/yzy21/yy/aaran/out/crops/CD68/bemeafki-1.tif,,,,
743,bemhhkbo-1,CD68,/data/yzy21/yy/aaran/out/crops/CD68/bemhhkbo-1.tif,,,,
744,bfalacpg-1,CD68,/data/yzy21/yy/aaran/out/crops/CD68/bfalacpg-1.tif,,,,
745,bfkpkmpf-1,CD68,/data/yzy21/yy/aaran/out/crops/CD68/bfkpkmpf-1.tif,,,,
746,bgkihogc-1,CD68,/data/yzy21/yy/aaran/out/crops/CD68/bgkihogc-1.tif,,,,
747,bgklmdbf-1,CD68,/data/yzy21/yy/aaran/out/crops/CD68/bgklmdbf-1.tif,,,,
748,bhbpclpb-1,CD68,/data/yzy21/yy/aaran/out/crops/CD68/bhbpclpb-1.tif,,,,
749,bhendioi-1,CD68,/data/yzy21/yy/aaran/out/crops/CD68/bhendioi-1.tif,,,,
750,bicfammn-1,CD68,/data/yzy21/yy/aaran/out/crops/CD68/bicfammn-1.tif,,,,
751,bikkolgd-1,CD68,/data/yzy21/yy/aaran/out/crops/CD68/bikkolgd-1.tif,,,,
752,binbmhcb-1,CD68,/data/yzy21/yy/aaran/out/crops/CD68/binbmhcb-1.tif,,,,
753,biodcjlb-1,CD68,/data/yzy21/yy/aaran/out/crops/CD68/biodcjlb-1.tif,,,,
754,bipjiglm-1,CD68,/data/yzy21/yy/aaran/out/crops/CD68/bipjiglm-1.tif,,,,
755,bjcpnpin-1,CD68,/data/yzy21/yy/aaran/out/crops/CD68/bjcpnpin-1.tif,,,,
756,bjfifedd-1,CD68,/data/yzy21/yy/aaran/out/crops/CD68/bjfifedd-1.tif,,,,
757,bjnlljel-1,CD68,/data/yzy21/yy/aaran/out/crops/CD68/bjnlljel-1.tif,,,,
758,bkaldbdn-1,CD68,/data/yzy21/yy/aaran/out/crops/CD68/bkaldbdn-1.tif,,,,
759,bkenbpic-1,CD68,/data/yzy21/yy/aaran/out/crops/CD68/bkenbpic-1.tif,,,,
760,bkgnkdml-1,CD68,/data/yzy21/yy/aaran/out/crops/CD68/bkgnkdml-1.tif,,,,
761,bmmljaeo-1,CD68,/data/yzy21/yy/aaran/out/crops/CD68/bmmljaeo-1.tif,,,,
762,bnhhemim-1,CD68,/data/yzy21/yy/aaran/out/crops/CD68/bnhhemim-1.tif,,,,
763,bnmgahmi-1,CD68,/data/yzy21/yy/aaran/out/crops/CD68/bnmgahmi-1.tif,,,,
764,bockdlpc-1,CD68,/data/yzy21/yy/aaran/out/crops/CD68/bockdlpc-1.tif,,,,
765,bockfopp-1,CD68,/data/yzy21/yy/aaran/out/crops/CD68/bockfopp-1.tif,,,,
766,bolbiglo-1,CD68,/data/yzy21/yy/aaran/out/crops/CD68/bolbiglo-1.tif,,,,
767,bpmfnoah-1,CD68,/data/yzy21/yy/aaran/out/crops/CD68/bpmfnoah-1.tif,,,,
768,bppnfifi-1,CD68,/data/yzy21/yy/aaran/out/crops/CD68/bppnfifi-1.tif,,,,
769,cbjlcnoh-1,CD68,/data/yzy21/yy/aaran/out/crops/CD68/cbjlcnoh-1.tif,,,,
770,cbkjfkaj-1,CD68,/data/yzy21/yy/aaran/out/crops/CD68/cbkjfkaj-1.tif,,,,
771,cbngfpkk-1,CD68,/data/yzy21/yy/aaran/out/crops/CD68/cbngfpkk-1.tif,,,,
772,cbnjijjp-1,CD68,/data/yzy21/yy/aaran/out/crops/CD68/cbnjijjp-1.tif,,,,
773,cbociddh-1,CD68,/data/yzy21/yy/aaran/out/crops/CD68/cbociddh-1.tif,,,,
774,ccapbohb-1,CD68,/data/yzy21/yy/aaran/out/crops/CD68/ccapbohb-1.tif,,,,
775,cccpibjd-1,CD68,/data/yzy21/yy/aaran/out/crops/CD68/cccpibjd-1.tif,,,,
776,cccpnbjh-1,CD68,/data/yzy21/yy/aaran/out/crops/CD68/cccpnbjh-1.tif,,,,
777,cchcplld-1,CD68,/data/yzy21/yy/aaran/out/crops/CD68/cchcplld-1.tif,,,,
778,ccjhbcpc-1,CD68,/data/yzy21/yy/aaran/out/crops/CD68/ccjhbcpc-1.tif,,,,
779,ccmjmgep-1,CD68,/data/yzy21/yy/aaran/out/crops/CD68/ccmjmgep-1.tif,,,,
780,ccohjnoi-1,CD68,/data/yzy21/yy/aaran/out/crops/CD68/ccohjnoi-1.tif,,,,
781,ccpcofcb-1,CD68,/data/yzy21/yy/aaran/out/crops/CD68/ccpcofcb-1.tif,,,,
782,cdhjapmp-1,CD68,/data/yzy21/yy/aaran/out/crops/CD68/cdhjapmp-1.tif,,,,
783,cdinkfdp-1,CD68,/data/yzy21/yy/aaran/out/crops/CD68/cdinkfdp-1.tif,,,,
784,cfeemaen-1,CD68,/data/yzy21/yy/aaran/out/crops/CD68/cfeemaen-1.tif,,,,
785,chmccdhc-1,CD68,/data/yzy21/yy/aaran/out/crops/CD68/chmccdhc-1.tif,,,,
786,ciceipgi-1,CD68,/data/yzy21/yy/aaran/out/crops/CD68/ciceipgi-1.tif,,,,
787,cjfcfcgm-1,CD68,/data/yzy21/yy/aaran/out/crops/CD68/cjfcfcgm-1.tif,,,,
788,clgelfkk-1,CD68,/data/yzy21/yy/aaran/out/crops/CD68/clgelfkk-1.tif,,,,
789,clingaij-1,CD68,/data/yzy21/yy/aaran/out/crops/CD68/clingaij-1.tif,,,,
790,cmchbkee-1,CD68,/data/yzy21/yy/aaran/out/crops/CD68/cmchbkee-1.tif,,,,
791,cmpeimoj-1,CD68,/data/yzy21/yy/aaran/out/crops/CD68/cmpeimoj-1.tif,,,,
792,cnbkbjao-1,CD68,/data/yzy21/yy/aaran/out/crops/CD68/cnbkbjao-1.tif,,,,
793,cnknhjdl-1,CD68,/data/yzy21/yy/aaran/out/crops/CD68/cnknhjdl-1.tif,,,,
794,cnlnijgh-1,CD68,/data/yzy21/yy/aaran/out/crops/CD68/cnlnijgh-1.tif,,,,
795,coahdjnb-1,CD68,/data/yzy21/yy/aaran/out/crops/CD68/coahdjnb-1.tif,,,,
796,coblkpbb-1,CD68,/data/yzy21/yy/aaran/out/crops/CD68/coblkpbb-1.tif,,,,
797,cocoploo-1,CD68,/data/yzy21/yy/aaran/out/crops/CD68/cocoploo-1.tif,,,,
798,cokkoajo-1,CD68,/data/yzy21/yy/aaran/out/crops/CD68/cokkoajo-1.tif,,,,
799,cpnididl-1,CD68,/data/yzy21/yy/aaran/out/crops/CD68/cpnididl-1.tif,,,,
800,dakcbppb-1,CD68,/data/yzy21/yy/aaran/out/crops/CD68/dakcbppb-1.tif,,,,
801,aaboagfp-1,CD8A,/data/yzy21/yy/aaran/out/crops/CD8A/aaboagfp-1.tif,,,,
802,aafafebf-1,CD8A,/data/yzy21/yy/aaran/out/crops/CD8A/aafafebf-1.tif,,,,
803,ackimjpd-1,CD8A,/data/yzy21/yy/aaran/out/crops/CD8A/ackimjpd-1.tif,,,,
804,adpjeoll-1,CD8A,/data/yzy21/yy/aaran/out/crops/CD8A/adpjeoll-1.tif,,,,
805,agecdjng-1,CD8A,/data/yzy21/yy/aaran/out/crops/CD8A/agecdjng-1.tif,,,,
806,ageipple-1,CD8A,/data/yzy21/yy/aaran/out/crops/CD8A/ageipple-1.tif,,,,
807,ahecnebp-1,CD8A,/data/yzy21/yy/aaran/out/crops/CD8A/ahecnebp-1.tif,,,,
808,aijigoih-1,CD8A,/data/yzy21/yy/aaran/out/crops/CD8A/aijigoih-1.tif,,,,
809,amjemhnh-1,CD8A,/data/yzy21/yy/aaran/out/crops/CD8A/amjemhnh-1.tif,,,,
810,apjggjjb-1,CD8A,/data/yzy21/yy/aaran/out/crops/CD8A/apjggjjb-1.tif,,,,
811,beonfnjm-1,CD8A,/data/yzy21/yy/aaran/out/crops/CD8A/beonfnjm-1.tif,,,,
812,bgamnhpf-1,CD8A,/data/yzy21/yy/aaran/out/crops/CD8A/bgamnhpf-1.tif,,,,
813,bgiinhmp-1,CD8A,/data/yzy21/yy/aaran/out/crops/CD8A/bgiinhmp-1.tif,,,,
814,bhfgplhj-1,CD8A,/data/yzy21/yy/aaran/out/crops/CD8A/bhfgplhj-1.tif,,,,
815,bhnoohbd-1,CD8A,/data/yzy21/yy/aaran/out/crops/CD8A/bhnoohbd-1.tif,,,,
816,bjffddan-1,CD8A,/data/yzy21/yy/aaran/out/crops/CD8A/bjffddan-1.tif,,,,
817,booffncb-1,CD8A,/data/yzy21/yy/aaran/out/crops/CD8A/booffncb-1.tif,,,,
818,cbenffem-1,CD8A,/data/yzy21/yy/aaran/out/crops/CD8A/cbenffem-1.tif,,,,
819,ccnpmagl-1,CD8A,/data/yzy21/yy/aaran/out/crops/CD8A/ccnpmagl-1.tif,,,,
820,cdfminep-1,CD8A,/data/yzy21/yy/aaran/out/crops/CD8A/cdfminep-1.tif,,,,
821,cdjndjgc-1,CD8A,/data/yzy21/yy/aaran/out/crops/CD8A/cdjndjgc-1.tif,,,,
822,ceelphmh-1,CD8A,/data/yzy21/yy/aaran/out/crops/CD8A/ceelphmh-1.tif,,,,
823,chanlmdf-1,CD8A,/data/yzy21/yy/aaran/out/crops/CD8A/chanlmdf-1.tif,,,,
824,cinahmom-1,CD8A,/data/yzy21/yy/aaran/out/crops/CD8A/cinahmom-1.tif,,,,
825,cjkcppjg-1,CD8A,/data/yzy21/yy/aaran/out/crops/CD8A/cjkcppjg-1.tif,,,,
826,ckapbjgm-1,CD8A,/data/yzy21/yy/aaran/out/crops/CD8A/ckapbjgm-1.tif,,,,
827,ckbnpagg-1,CD8A,/data/yzy21/yy/aaran/out/crops/CD8A/ckbnpagg-1.tif,,,,
828,codkaidp-1,CD8A,/data/yzy21/yy/aaran/out/crops/CD8A/codkaidp-1.tif,,,,
829,dbplmdcp-1,CD8A,/data/yzy21/yy/aaran/out/crops/CD8A/dbplmdcp-1.tif,,,,
830,dcaokhej-1,CD8A,/data/yzy21/yy/aaran/out/crops/CD8A/dcaokhej-1.tif,,,,
831,ddmfacdd-1,CD8A,/data/yzy21/yy/aaran/out/crops/CD8A/ddmfacdd-1.tif,,,,
832,demapfjn-1,CD8A,/data/yzy21/yy/aaran/out/crops/CD8A/demapfjn-1.tif,,,,
833,dihpaoek-1,CD8A,/data/yzy21/yy/aaran/out/crops/CD8A/dihpaoek-1.tif,,,,
834,dlbokpma-1,CD8A,/data/yzy21/yy/aaran/out/crops/CD8A/dlbokpma-1.tif,,,,
835,dmhmboia-1,CD8A,/data/yzy21/yy/aaran/out/crops/CD8A/dmhmboia-1.tif,,,,
836,dmjddopp-1,CD8A,/data/yzy21/yy/aaran/out/crops/CD8A/dmjddopp-1.tif,,,,
837,dnpkfbcl-1,CD8A,/data/yzy21/yy/aaran/out/crops/CD8A/dnpkfbcl-1.tif,,,,
838,dpjbmpec-1,CD8A,/data/yzy21/yy/aaran/out/crops/CD8A/dpjbmpec-1.tif,,,,
839,eafaclmo-1,CD8A,/data/yzy21/yy/aaran/out/crops/CD8A/eafaclmo-1.tif,,,,
840,eebfomnl-1,CD8A,/data/yzy21/yy/aaran/out/crops/CD8A/eebfomnl-1.tif,,,,
841,eecoacop-1,CD8A,/data/yzy21/yy/aaran/out/crops/CD8A/eecoacop-1.tif,,,,
842,eenleide-1,CD8A,/data/yzy21/yy/aaran/out/crops/CD8A/eenleide-1.tif,,,,
843,efebddbn-1,CD8A,/data/yzy21/yy/aaran/out/crops/CD8A/efebddbn-1.tif,,,,
844,efjpphel-1,CD8A,/data/yzy21/yy/aaran/out/crops/CD8A/efjpphel-1.tif,,,,
845,egidacmn-1,CD8A,/data/yzy21/yy/aaran/out/crops/CD8A/egidacmn-1.tif,,,,
846,egkinahn-1,CD8A,/data/yzy21/yy/aaran/out/crops/CD8A/egkinahn-1.tif,,,,
847,ehehbdeh-1,CD8A,/data/yzy21/yy/aaran/out/crops/CD8A/ehehbdeh-1.tif,,,,
848,ekbdnojd-1,CD8A,/data/yzy21/yy/aaran/out/crops/CD8A/ekbdnojd-1.tif,,,,
849,elhappnb-1,CD8A,/data/yzy21/yy/aaran/out/crops/CD8A/elhappnb-1.tif,,,,
850,elknjimh-1,CD8A,/data/yzy21/yy/aaran/out/crops/CD8A/elknjimh-1.tif,,,,
851,embgokld-1,CD8A,/data/yzy21/yy/aaran/out/crops/CD8A/embgokld-1.tif,,,,
852,emjfaann-1,CD8A,/data/yzy21/yy/aaran/out/crops/CD8A/emjfaann-1.tif,,,,
853,epheoibi-1,CD8A,/data/yzy21/yy/aaran/out/crops/CD8A/epheoibi-1.tif,,,,
854,epledeon-1,CD8A,/data/yzy21/yy/aaran/out/crops/CD8A/epledeon-1.tif,,,,
855,fbffegle-1,CD8A,/data/yzy21/yy/aaran/out/crops/CD8A/fbffegle-1.tif,,,,
856,fcmenmec-1,CD8A,/data/yzy21/yy/aaran/out/crops/CD8A/fcmenmec-1.tif,,,,
857,fdkjpmmb-1,CD8A,/data/yzy21/yy/aaran/out/crops/CD8A/fdkjpmmb-1.tif,,,,
858,ffccnfok-1,CD8A,/data/yzy21/yy/aaran/out/crops/CD8A/ffccnfok-1.tif,,,,
859,ffnphggo-1,CD8A,/data/yzy21/yy/aaran/out/crops/CD8A/ffnphggo-1.tif,,,,
860,fghgkdpb-1,CD8A,/data/yzy21/yy/aaran/out/crops/CD8A/fghgkdpb-1.tif,,,,
861,fgjhjehn-1,CD8A,/data/yzy21/yy/aaran/out/crops/CD8A/fgjhjehn-1.tif,,,,
862,fhbaobgk-1,CD8A,/data/yzy21/yy/aaran/out/crops/CD8A/fhbaobgk-1.tif,,,,
863,fhnjpclo-1,CD8A,/data/yzy21/yy/aaran/out/crops/CD8A/fhnjpclo-1.tif,,,,
864,fihcmlhh-1,CD8A,/data/yzy21/yy/aaran/out/crops/CD8A/fihcmlhh-1.tif,,,,
865,fimmifeh-1,CD8A,/data/yzy21/yy/aaran/out/crops/CD8A/fimmifeh-1.tif,,,,
866,flomhdfi-1,CD8A,/data/yzy21/yy/aaran/out/crops/CD8A/flomhdfi-1.tif,,,,
867,fongfcpg-1,CD8A,/data/yzy21/yy/aaran/out/crops/CD8A/fongfcpg-1.tif,,,,
868,geddkgod-1,CD8A,/data/yzy21/yy/aaran/out/crops/CD8A/geddkgod-1.tif,,,,
869,gijdpjdp-1,CD8A,/data/yzy21/yy/aaran/out/crops/CD8A/gijdpjdp-1.tif,,,,
870,gkkichbc-1,CD8A,/data/yzy21/yy/aaran/out/crops/CD8A/gkkichbc-1.tif,,,,
871,gkkojbea-1,CD8A,/data/yzy21/yy/aaran/out/crops/CD8A/gkkojbea-1.tif,,,,
872,gpnancfm-1,CD8A,/data/yzy21/yy/aaran/out/crops/CD8A/gpnancfm-1.tif,,,,
873,hhoclkib-1,CD8A,/data/yzy21/yy/aaran/out/crops/CD8A/hhoclkib-1.tif,,,,
874,hlkmkcce-1,CD8A,/data/yzy21/yy/aaran/out/crops/CD8A/hlkmkcce-1.tif,,,,
875,hmkdobep-1,CD8A,/data/yzy21/yy/aaran/out/crops/CD8A/hmkdobep-1.tif,,,,
876,iceablpn-1,CD8A,/data/yzy21/yy/aaran/out/crops/CD8A/iceablpn-1.tif,,,,
877,igheaiog-1,CD8A,/data/yzy21/yy/aaran/out/crops/CD8A/igheaiog-1.tif,,,,
878,ikombgmg-1,CD8A,/data/yzy21/yy/aaran/out/crops/CD8A/ikombgmg-1.tif,,,,
879,jamamlnb-1,CD8A,/data/yzy21/yy/aaran/out/crops/CD8A/jamamlnb-1.tif,,,,
880,jdnlefli-1,CD8A,/data/yzy21/yy/aaran/out/crops/CD8A/jdnlefli-1.tif,,,,
881,jfagmmpi-1,CD8A,/data/yzy21/yy/aaran/out/crops/CD8A/jfagmmpi-1.tif,,,,
882,jjgjmief-1,CD8A,/data/yzy21/yy/aaran/out/crops/CD8A/jjgjmief-1.tif,,,,
883,jnbhjcfj-1,CD8A,/data/yzy21/yy/aaran/out/crops/CD8A/jnbhjcfj-1.tif,,,,
884,jpjgeail-1,CD8A,/data/yzy21/yy/aaran/out/crops/CD8A/jpjgeail-1.tif,,,,
885,kakdhcoj-1,CD8A,/data/yzy21/yy/aaran/out/crops/CD8A/kakdhcoj-1.tif,,,,
886,lfmdfpek-1,CD8A,/data/yzy21/yy/aaran/out/crops/CD8A/lfmdfpek-1.tif,,,,
887,lhboeidn-1,CD8A,/data/yzy21/yy/aaran/out/crops/CD8A/lhboeidn-1.tif,,,,
888,mddoapep-1,CD8A,/data/yzy21/yy/aaran/out/crops/CD8A/mddoapep-1.tif,,,,
889,mecgpffa-1,CD8A,/data/yzy21/yy/aaran/out/crops/CD8A/mecgpffa-1.tif,,,,
890,mflbomhm-1,CD8A,/data/yzy21/yy/aaran/out/crops/CD8A/mflbomhm-1.tif,,,,
891,mjlobdja-1,CD8A,/data/yzy21/yy/aaran/out/crops/CD8A/mjlobdja-1.tif,,,,
892,mjnmbfei-1,CD8A,/data/yzy21/yy/aaran/out/crops/CD8A/mjnmbfei-1.tif,,,,
893,nfkdolhh-1,CD8A,/data/yzy21/yy/aaran/out/crops/CD8A/nfkdolhh-1.tif,,,,
894,nlbmakjg-1,CD8A,/data/yzy21/yy/aaran/out/crops/CD8A/nlbmakjg-1.tif,,,,
895,nlgiloom-1,CD8A,/data/yzy21/yy/aaran/out/crops/CD8A/nlgiloom-1.tif,,,,
896,nmfkdojl-1,CD8A,/data/yzy21/yy/aaran/out/crops/CD8A/nmfkdojl-1.tif,,,,
897,nnkkohhb-1,CD8A,/data/yzy21/yy/aaran/out/crops/CD8A/nnkkohhb-1.tif,,,,
898,obdfppfl-1,CD8A,/data/yzy21/yy/aaran/out/crops/CD8A/obdfppfl-1.tif,,,,
899,obkjobbn-1,CD8A,/data/yzy21/yy/aaran/out/crops/CD8A/obkjobbn-1.tif,,,,
900,oebhgdne-1,CD8A,/data/yzy21/yy/aaran/out/crops/CD8A/oebhgdne-1.tif,,,,
901,aclcjigi-1,GranzymeB,/data/yzy21/yy/aaran/out/crops/GranzymeB/aclcjigi-1.tif,,,,
902,adjcfoib-1,GranzymeB,/data/yzy21/yy/aaran/out/crops/GranzymeB/adjcfoib-1.tif,,,,
903,adkdofah-1,GranzymeB,/data/yzy21/yy/aaran/out/crops/GranzymeB/adkdofah-1.tif,,,,
904,aepcoele-1,GranzymeB,/data/yzy21/yy/aaran/out/crops/GranzymeB/aepcoele-1.tif,,,,
905,afbiface-1,GranzymeB,/data/yzy21/yy/aaran/out/crops/GranzymeB/afbiface-1.tif,,,,
906,agcahiek-1,GranzymeB,/data/yzy21/yy/aaran/out/crops/GranzymeB/agcahiek-1.tif,,,,
907,ajnookep-1,GranzymeB,/data/yzy21/yy/aaran/out/crops/GranzymeB/ajnookep-1.tif,,,,
908,aknejegc-1,GranzymeB,/data/yzy21/yy/aaran/out/crops/GranzymeB/aknejegc-1.tif,,,,
909,angmompg-1,GranzymeB,/data/yzy21/yy/aaran/out/crops/GranzymeB/angmompg-1.tif,,,,
910,anlmafgc-1,GranzymeB,/data/yzy21/yy/aaran/out/crops/GranzymeB/anlmafgc-1.tif,,,,
911,anmokkkh-1,GranzymeB,/data/yzy21/yy/aaran/out/crops/GranzymeB/anmokkkh-1.tif,,,,
912,apokmcfp-1,GranzymeB,/data/yzy21/yy/aaran/out/crops/GranzymeB/apokmcfp-1.tif,,,,
913,bcnobffi-1,GranzymeB,/data/yzy21/yy/aaran/out/crops/GranzymeB/bcnobffi-1.tif,,,,
914,bdbjdgmg-1,GranzymeB,/data/yzy21/yy/aaran/out/crops/GranzymeB/bdbjdgmg-1.tif,,,,
915,bdbmfinf-1,GranzymeB,/data/yzy21/yy/aaran/out/crops/GranzymeB/bdbmfinf-1.tif,,,,
916,beceadln-1,GranzymeB,/data/yzy21/yy/aaran/out/crops/GranzymeB/beceadln-1.tif,,,,
917,becenggc-1,GranzymeB,/data/yzy21/yy/aaran/out/crops/GranzymeB/becenggc-1.tif,,,,
918,becpgblm-1,GranzymeB,/data/yzy21/yy/aaran/out/crops/GranzymeB/becpgblm-1.tif,,,,
919,bfobemfh-1,GranzymeB,/data/yzy21/yy/aaran/out/crops/GranzymeB/bfobemfh-1.tif,,,,
920,bfpllole-1,GranzymeB,/data/yzy21/yy/aaran/out/crops/GranzymeB/bfpllole-1.tif,,,,
921,bhbomnia-1,GranzymeB,/data/yzy21/yy/aaran/out/crops/GranzymeB/bhbomnia-1.tif,,,,
922,bigkknpm-1,GranzymeB,/data/yzy21/yy/aaran/out/crops/GranzymeB/bigkknpm-1.tif,,,,
923,biiogjpi-1,GranzymeB,/data/yzy21/yy/aaran/out/crops/GranzymeB/biiogjpi-1.tif,,,,
924,biippioj-1,GranzymeB,/data/yzy21/yy/aaran/out/crops/GranzymeB/biippioj-1.tif,,,,
925,bjbbibjl-1,GranzymeB,/data/yzy21/yy/aaran/out/crops/GranzymeB/bjbbibjl-1.tif,,,,
926,bjcpdceg-1,GranzymeB,/data/yzy21/yy/aaran/out/crops/GranzymeB/bjcpdceg-1.tif,,,,
927,bnnjiimf-1,GranzymeB,/data/yzy21/yy/aaran/out/crops/GranzymeB/bnnjiimf-1.tif,,,,
928,caefibjb-1,GranzymeB,/data/yzy21/yy/aaran/out/crops/GranzymeB/caefibjb-1.tif,,,,
929,cajlipdl-1,GranzymeB,/data/yzy21/yy/aaran/out/crops/GranzymeB/cajlipdl-1.tif,,,,
930,cakbafap-1,GranzymeB,/data/yzy21/yy/aaran/out/crops/GranzymeB/cakbafap-1.tif,,,,
931,ccendpad-1,GranzymeB,/data/yzy21/yy/aaran/out/crops/GranzymeB/ccendpad-1.tif,,,,
932,ccibhfkl-1,GranzymeB,/data/yzy21/yy/aaran/out/crops/GranzymeB/ccibhfkl-1.tif,,,,
933,cehfkbbc-1,GranzymeB,/data/yzy21/yy/aaran/out/crops/GranzymeB/cehfkbbc-1.tif,,,,
934,cffmdhnm-1,GranzymeB,/data/yzy21/yy/aaran/out/crops/GranzymeB/cffmdhnm-1.tif,,,,
935,chjeppml-1,GranzymeB,/data/yzy21/yy/aaran/out/crops/GranzymeB/chjeppml-1.tif,,,,
936,cicgbfei-1,GranzymeB,/data/yzy21/yy/aaran/out/crops/GranzymeB/cicgbfei-1.tif,,,,
937,clddjnph-1,GranzymeB,/data/yzy21/yy/aaran/out/crops/GranzymeB/clddjnph-1.tif,,,,
938,cmmeadjl-1,GranzymeB,/data/yzy21/yy/aaran/out/crops/GranzymeB/cmmeadjl-1.tif,,,,
939,cnjgneof-1,GranzymeB,/data/yzy21/yy/aaran/out/crops/GranzymeB/cnjgneof-1.tif,,,,
940,cpnokamg-1,GranzymeB,/data/yzy21/yy/aaran/out/crops/GranzymeB/cpnokamg-1.tif,,,,
941,ddakflpo-1,GranzymeB,/data/yzy21/yy/aaran/out/crops/GranzymeB/ddakflpo-1.tif,,,,
942,ddlhcned-1,GranzymeB,/data/yzy21/yy/aaran/out/crops/GranzymeB/ddlhcned-1.tif,,,,
943,debbepon-1,GranzymeB,/data/yzy21/yy/aaran/out/crops/GranzymeB/debbepon-1.tif,,,,
944,dfchdpkk-1,GranzymeB,/data/yzy21/yy/aaran/out/crops/GranzymeB/dfchdpkk-1.tif,,,,
945,dfefhjno-1,GranzymeB,/data/yzy21/yy/aaran/out/crops/GranzymeB/dfefhjno-1.tif,,,,
946,dgoaafkj-1,GranzymeB,/data/yzy21/yy/aaran/out/crops/GranzymeB/dgoaafkj-1.tif,,,,
947,didolpif-1,GranzymeB,/data/yzy21/yy/aaran/out/crops/GranzymeB/didolpif-1.tif,,,,
948,dienlemg-1,GranzymeB,/data/yzy21/yy/aaran/out/crops/GranzymeB/dienlemg-1.tif,,,,
949,djckmnkg-1,GranzymeB,/data/yzy21/yy/aaran/out/crops/GranzymeB/djckmnkg-1.tif,,,,
950,djifckop-1,GranzymeB,/data/yzy21/yy/aaran/out/crops/GranzymeB/djifckop-1.tif,,,,
951,dlfkolif-1,GranzymeB,/data/yzy21/yy/aaran/out/crops/GranzymeB/dlfkolif-1.tif,,,,
952,dmiehakp-1,GranzymeB,/data/yzy21/yy/aaran/out/crops/GranzymeB/dmiehakp-1.tif,,,,
953,dooimmbn-1,GranzymeB,/data/yzy21/yy/aaran/out/crops/GranzymeB/dooimmbn-1.tif,,,,
954,dpbdnoke-1,GranzymeB,/data/yzy21/yy/aaran/out/crops/GranzymeB/dpbdnoke-1.tif,,,,
955,dpfphkap-1,GranzymeB,/data/yzy21/yy/aaran/out/crops/GranzymeB/dpfphkap-1.tif,,,,
956,ebcabipa-1,GranzymeB,/data/yzy21/yy/aaran/out/crops/GranzymeB/ebcabipa-1.tif,,,,
957,eddgkgli-1,GranzymeB,/data/yzy21/yy/aaran/out/crops/GranzymeB/eddgkgli-1.tif,,,,
958,ednkdhlc-1,GranzymeB,/data/yzy21/yy/aaran/out/crops/GranzymeB/ednkdhlc-1.tif,,,,
959,edojekoi-1,GranzymeB,/data/yzy21/yy/aaran/out/crops/GranzymeB/edojekoi-1.tif,,,,
960,eedojnad-1,GranzymeB,/data/yzy21/yy/aaran/out/crops/GranzymeB/eedojnad-1.tif,,,,
961,eiolpbnm-1,GranzymeB,/data/yzy21/yy/aaran/out/crops/GranzymeB/eiolpbnm-1.tif,,,,
962,eklihedi-1,GranzymeB,/data/yzy21/yy/aaran/out/crops/GranzymeB/eklihedi-1.tif,,,,
963,ekpiaime-1,GranzymeB,/data/yzy21/yy/aaran/out/crops/GranzymeB/ekpiaime-1.tif,,,,
964,enlfkkdb-1,GranzymeB,/data/yzy21/yy/aaran/out/crops/GranzymeB/enlfkkdb-1.tif,,,,
965,epokfpaf-1,GranzymeB,/data/yzy21/yy/aaran/out/crops/GranzymeB/epokfpaf-1.tif,,,,
966,epphcjci-1,GranzymeB,/data/yzy21/yy/aaran/out/crops/GranzymeB/epphcjci-1.tif,,,,
967,fcaacdee-1,GranzymeB,/data/yzy21/yy/aaran/out/crops/GranzymeB/fcaacdee-1.tif,,,,
968,fcffkold-1,GranzymeB,/data/yzy21/yy/aaran/out/crops/GranzymeB/fcffkold-1.tif,,,,
969,fdmnmgjk-1,GranzymeB,/data/yzy21/yy/aaran/out/crops/GranzymeB/fdmnmgjk-1.tif,,,,
970,ffnonadm-1,GranzymeB,/data/yzy21/yy/aaran/out/crops/GranzymeB/ffnonadm-1.tif,,,,
971,fgpcobic-1,GranzymeB,/data/yzy21/yy/aaran/out/crops/GranzymeB/fgpcobic-1.tif,,,,
972,fjgipbld-1,GranzymeB,/data/yzy21/yy/aaran/out/crops/GranzymeB/fjgipbld-1.tif,,,,
973,gdgaonnb-1,GranzymeB,/data/yzy21/yy/aaran/out/crops/GranzymeB/gdgaonnb-1.tif,,,,
974,gfmnaced-1,GranzymeB,/data/yzy21/yy/aaran/out/crops/GranzymeB/gfmnaced-1.tif,,,,
975,hbkglncm-1,GranzymeB,/data/yzy21/yy/aaran/out/crops/GranzymeB/hbkglncm-1.tif,,,,
976,hfifldna-1,GranzymeB,/data/yzy21/yy/aaran/out/crops/GranzymeB/hfifldna-1.tif,,,,
977,hgalooga-1,GranzymeB,/data/yzy21/yy/aaran/out/crops/GranzymeB/hgalooga-1.tif,,,,
978,hmajaagb-1,GranzymeB,/data/yzy21/yy/aaran/out/crops/GranzymeB/hmajaagb-1.tif,,,,
979,hpilgoii-1,GranzymeB,/data/yzy21/yy/aaran/out/crops/GranzymeB/hpilgoii-1.tif,,,,
980,icjjlcpe-1,GranzymeB,/data/yzy21/yy/aaran/out/crops/GranzymeB/icjjlcpe-1.tif,,,,
981,ifhoppog-1,GranzymeB,/data/yzy21/yy/aaran/out/crops/GranzymeB/ifhoppog-1.tif,,,,
982,ikmfcnln-1,GranzymeB,/data/yzy21/yy/aaran/out/crops/GranzymeB/ikmfcnln-1.tif,,,,
983,ipfllidl-1,GranzymeB,/data/yzy21/yy/aaran/out/crops/GranzymeB/ipfllidl-1.tif,,,,
984,jcojghpk-1,GranzymeB,/data/yzy21/yy/aaran/out/crops/GranzymeB/jcojghpk-1.tif,,,,
985,jdkgbkmh-1,GranzymeB,/data/yzy21/yy/aaran/out/crops/GranzymeB/jdkgbkmh-1.tif,,,,
986,jeinhnpi-1,GranzymeB,/data/yzy21/yy/aaran/out/crops/GranzymeB/jeinhnpi-1.tif,,,,
987,jhcclohe-1,GranzymeB,/data/yzy21/yy/aaran/out/crops/GranzymeB/jhcclohe-1.tif,,,,
988,jjgipefg-1,GranzymeB,/data/yzy21/yy/aaran/out/crops/GranzymeB/jjgipefg-1.tif,,,,
989,jlcpokie-1,GranzymeB,/data/yzy21/yy/aaran/out/crops/GranzymeB/jlcpokie-1.tif,,,,
990,jmeenkpa-1,GranzymeB,/data/yzy21/yy/aaran/out/crops/GranzymeB/jmeenkpa-1.tif,,,,
991,jmphfdlg-1,GranzymeB,/data/yzy21/yy/aaran/out/crops/GranzymeB/jmphfdlg-1.tif,,,,
992,khhegmmm-1,GranzymeB,/data/yzy21/yy/aaran/out/crops/GranzymeB/khhegmmm-1.tif,,,,
993,klndfcdd-1,GranzymeB,/data/yzy21/yy/aaran/out/crops/GranzymeB/klndfcdd-1.tif,,,,
994,koobhpfm-1,GranzymeB,/data/yzy21/yy/aaran/out/crops/GranzymeB/koobhpfm-1.tif,,,,
995,lgnpmlcg-1,GranzymeB,/data/yzy21/yy/aaran/out/crops/GranzymeB/lgnpmlcg-1.tif,,,,
996,lnfijceo-1,GranzymeB,/data/yzy21/yy/aaran/out/crops/GranzymeB/lnfijceo-1.tif,,,,
997,mleiaafh-1,GranzymeB,/data/yzy21/yy/aaran/out/crops/GranzymeB/mleiaafh-1.tif,,,,
998,nepkmaca-1,GranzymeB,/data/yzy21/yy/aaran/out/crops/GranzymeB/nepkmaca-1.tif,,,,
999,noajoiej-1,GranzymeB,/data/yzy21/yy/aaran/out/crops/GranzymeB/noajoiej-1.tif,,,,
1000,ohooeimf-1,GranzymeB,/data/yzy21/yy/aaran/out/crops/GranzymeB/ohooeimf-1.tif,,,,
1001,acgablem-1,HLA-DR,/data/yzy21/yy/aaran/out/crops/HLA-DR/acgablem-1.tif,,,,
1002,adebhleb-1,HLA-DR,/data/yzy21/yy/aaran/out/crops/HLA-DR/adebhleb-1.tif,,,,
1003,afmnnlid-1,HLA-DR,/data/yzy21/yy/aaran/out/crops/HLA-DR/afmnnlid-1.tif,,,,
1004,aijjoddh-1,HLA-DR,/data/yzy21/yy/aaran/out/crops/HLA-DR/aijjoddh-1.tif,,,,
1005,amoeflnp-1,HLA-DR,/data/yzy21/yy/aaran/out/crops/HLA-DR/amoeflnp-1.tif,,,,
1006,anhbplhk-1,HLA-DR,/data/yzy21/yy/aaran/out/crops/HLA-DR/anhbplhk-1.tif,,,,
1007,apdjehjo-1,HLA-DR,/data/yzy21/yy/aaran/out/crops/HLA-DR/apdjehjo-1.tif,,,,
1008,apemipob-1,HLA-DR,/data/yzy21/yy/aaran/out/crops/HLA-DR/apemipob-1.tif,,,,
1009,apphiana-1,HLA-DR,/data/yzy21/yy/aaran/out/crops/HLA-DR/apphiana-1.tif,,,,
1010,baedokpf-1,HLA-DR,/data/yzy21/yy/aaran/out/crops/HLA-DR/baedokpf-1.tif,,,,
1011,bbfkhbmg-1,HLA-DR,/data/yzy21/yy/aaran/out/crops/HLA-DR/bbfkhbmg-1.tif,,,,
1012,bebmkfio-1,HLA-DR,/data/yzy21/yy/aaran/out/crops/HLA-DR/bebmkfio-1.tif,,,,
1013,bgighkdc-1,HLA-DR,/data/yzy21/yy/aaran/out/crops/HLA-DR/bgighkdc-1.tif,,,,
1014,blilbpdd-1,HLA-DR,/data/yzy21/yy/aaran/out/crops/HLA-DR/blilbpdd-1.tif,,,,
1015,bpophpbb-1,HLA-DR,/data/yzy21/yy/aaran/out/crops/HLA-DR/bpophpbb-1.tif,,,,
1016,caneemop-1,HLA-DR,/data/yzy21/yy/aaran/out/crops/HLA-DR/caneemop-1.tif,,,,
1017,cdleegnm-1,HLA-DR,/data/yzy21/yy/aaran/out/crops/HLA-DR/cdleegnm-1.tif,,,,
1018,cdpojnmk-1,HLA-DR,/data/yzy21/yy/aaran/out/crops/HLA-DR/cdpojnmk-1.tif,,,,
1019,cghmkkpp-1,HLA-DR,/data/yzy21/yy/aaran/out/crops/HLA-DR/cghmkkpp-1.tif,,,,
1020,chllcleh-1,HLA-DR,/data/yzy21/yy/aaran/out/crops/HLA-DR/chllcleh-1.tif,,,,
1021,cmeanngj-1,HLA-DR,/data/yzy21/yy/aaran/out/crops/HLA-DR/cmeanngj-1.tif,,,,
1022,coofbmpl-1,HLA-DR,/data/yzy21/yy/aaran/out/crops/HLA-DR/coofbmpl-1.tif,,,,
1023,cpfblhbp-1,HLA-DR,/data/yzy21/yy/aaran/out/crops/HLA-DR/cpfblhbp-1.tif,,,,
1024,cpmeinod-1,HLA-DR,/data/yzy21/yy/aaran/out/crops/HLA-DR/cpmeinod-1.tif,,,,
1025,dciocbnc-1,HLA-DR,/data/yzy21/yy/aaran/out/crops/HLA-DR/dciocbnc-1.tif,,,,
1026,ddhiaekp-1,HLA-DR,/data/yzy21/yy/aaran/out/crops/HLA-DR/ddhiaekp-1.tif,,,,
1027,ddhmphne-1,HLA-DR,/data/yzy21/yy/aaran/out/crops/HLA-DR/ddhmphne-1.tif,,,,
1028,degnaacm-1,HLA-DR,/data/yzy21/yy/aaran/out/crops/HLA-DR/degnaacm-1.tif,,,,
1029,dephgjlj-1,HLA-DR,/data/yzy21/yy/aaran/out/crops/HLA-DR/dephgjlj-1.tif,,,,
1030,dfhphoae-1,HLA-DR,/data/yzy21/yy/aaran/out/crops/HLA-DR/dfhphoae-1.tif,,,,
1031,dlbejcdj-1,HLA-DR,/data/yzy21/yy/aaran/out/crops/HLA-DR/dlbejcdj-1.tif,,,,
1032,dleelnhb-1,HLA-DR,/data/yzy21/yy/aaran/out/crops/HLA-DR/dleelnhb-1.tif,,,,
1033,dmbapfji-1,HLA-DR,/data/yzy21/yy/aaran/out/crops/HLA-DR/dmbapfji-1.tif,,,,
1034,dmfaknma-1,HLA-DR,/data/yzy21/yy/aaran/out/crops/HLA-DR/dmfaknma-1.tif,,,,
1035,dpaclpoi-1,HLA-DR,/data/yzy21/yy/aaran/out/crops/HLA-DR/dpaclpoi-1.tif,,,,
1036,egfocfpl-1,HLA-DR,/data/yzy21/yy/aaran/out/crops/HLA-DR/egfocfpl-1.tif,,,,
1037,eknomeac-1,HLA-DR,/data/yzy21/yy/aaran/out/crops/HLA-DR/eknomeac-1.tif,,,,
1038,enfifhke-1,HLA-DR,/data/yzy21/yy/aaran/out/crops/HLA-DR/enfifhke-1.tif,,,,
1039,fafbfbbn-1,HLA-DR,/data/yzy21/yy/aaran/out/crops/HLA-DR/fafbfbbn-1.tif,,,,
1040,fcckjgej-1,HLA-DR,/data/yzy21/yy/aaran/out/crops/HLA-DR/fcckjgej-1.tif,,,,
1041,fcpcebpk-1,HLA-DR,/data/yzy21/yy/aaran/out/crops/HLA-DR/fcpcebpk-1.tif,,,,
1042,fgeopbde-1,HLA-DR,/data/yzy21/yy/aaran/out/crops/HLA-DR/fgeopbde-1.tif,,,,
1043,fihofmio-1,HLA-DR,/data/yzy21/yy/aaran/out/crops/HLA-DR/fihofmio-1.tif,,,,
1044,fiojapan-1,HLA-DR,/data/yzy21/yy/aaran/out/crops/HLA-DR/fiojapan-1.tif,,,,
1045,fpdpfcop-1,HLA-DR,/data/yzy21/yy/aaran/out/crops/HLA-DR/fpdpfcop-1.tif,,,,
1046,gancgmoi-1,HLA-DR,/data/yzy21/yy/aaran/out/crops/HLA-DR/gancgmoi-1.tif,,,,
1047,gbebamem-1,HLA-DR,/data/yzy21/yy/aaran/out/crops/HLA-DR/gbebamem-1.tif,,,,
1048,gcejfjjk-1,HLA-DR,/data/yzy21/yy/aaran/out/crops/HLA-DR/gcejfjjk-1.tif,,,,
1049,gdiapjgo-1,HLA-DR,/data/yzy21/yy/aaran/out/crops/HLA-DR/gdiapjgo-1.tif,,,,
1050,gmkejjnh-1,HLA-DR,/data/yzy21/yy/aaran/out/crops/HLA-DR/gmkejjnh-1.tif,,,,
1051,gpfeangl-1,HLA-DR,/data/yzy21/yy/aaran/out/crops/HLA-DR/gpfeangl-1.tif,,,,
1052,hdefefpc-1,HLA-DR,/data/yzy21/yy/aaran/out/crops/HLA-DR/hdefefpc-1.tif,,,,
1053,hdmagbae-1,HLA-DR,/data/yzy21/yy/aaran/out/crops/HLA-DR/hdmagbae-1.tif,,,,
1054,hefffceo-1,HLA-DR,/data/yzy21/yy/aaran/out/crops/HLA-DR/hefffceo-1.tif,,,,
1055,hffiikkj-1,HLA-DR,/data/yzy21/yy/aaran/out/crops/HLA-DR/hffiikkj-1.tif,,,,
1056,hkjepgko-1,HLA-DR,/data/yzy21/yy/aaran/out/crops/HLA-DR/hkjepgko-1.tif,,,,
1057,hkmlohdp-1,HLA-DR,/data/yzy21/yy/aaran/out/crops/HLA-DR/hkmlohdp-1.tif,,,,
1058,hneelhhc-1,HLA-DR,/data/yzy21/yy/aaran/out/crops/HLA-DR/hneelhhc-1.tif,,,,
1059,icnbdohb-1,HLA-DR,/data/yzy21/yy/aaran/out/crops/HLA-DR/icnbdohb-1.tif,,,,
1060,idodpeje-1,HLA-DR,/data/yzy21/yy/aaran/out/crops/HLA-DR/idodpeje-1.tif,,,,
1061,igihjcfj-1,HLA-DR,/data/yzy21/yy/aaran/out/crops/HLA-DR/igihjcfj-1.tif,,,,
1062,ihaeaopo-1,HLA-DR,/data/yzy21/yy/aaran/out/crops/HLA-DR/ihaeaopo-1.tif,,,,
1063,iihoddgk-1,HLA-DR,/data/yzy21/yy/aaran/out/crops/HLA-DR/iihoddgk-1.tif,,,,
1064,ipjcaadd-1,HLA-DR,/data/yzy21/yy/aaran/out/crops/HLA-DR/ipjcaadd-1.tif,,,,
1065,jfgbaoka-1,HLA-DR,/data/yzy21/yy/aaran/out/crops/HLA-DR/jfgbaoka-1.tif,,,,
1066,jjpjpjoa-1,HLA-DR,/data/yzy21/yy/aaran/out/crops/HLA-DR/jjpjpjoa-1.tif,,,,
1067,jkkdhcdk-1,HLA-DR,/data/yzy21/yy/aaran/out/crops/HLA-DR/jkkdhcdk-1.tif,,,,
1068,jlceagmc-1,HLA-DR,/data/yzy21/yy/aaran/out/crops/HLA-DR/jlceagmc-1.tif,,,,
1069,kcnopdng-1,HLA-DR,/data/yzy21/yy/aaran/out/crops/HLA-DR/kcnopdng-1.tif,,,,
1070,kgdjdjih-1,HLA-DR,/data/yzy21/yy/aaran/out/crops/HLA-DR/kgdjdjih-1.tif,,,,
1071,kkcnglfg-1,HLA-DR,/data/yzy21/yy/aaran/out/crops/HLA-DR/kkcnglfg-1.tif,,,,
1072,kmhlpaik-1,HLA-DR,/data/yzy21/yy/aaran/out/crops/HLA-DR/kmhlpaik-1.tif,,,,
1073,lconejbc-1,HLA-DR,/data/yzy21/yy/aaran/out/crops/HLA-DR/lconejbc-1.tif,,,,
1074,lemlkade-1,HLA-DR,/data/yzy21/yy/aaran/out/crops/HLA-DR/lemlkade-1.tif,,,,
1075,lfiigmkm-1,HLA-DR,/data/yzy21/yy/aaran/out/crops/HLA-DR/lfiigmkm-1.tif,,,,
1076,lhgpohbl-1,HLA-DR,/data/yzy21/yy/aaran/out/crops/HLA-DR/lhgpohbl-1.tif,,,,
1077,lijehehj-1,HLA-DR,/data/yzy21/yy/aaran/out/crops/HLA-DR/lijehehj-1.tif,,,,
1078,lojdleae-1,HLA-DR,/data/yzy21/yy/aaran/out/crops/HLA-DR/lojdleae-1.tif,,,,
1079,lokefjca-1,HLA-DR,/data/yzy21/yy/aaran/out/crops/HLA-DR/lokefjca-1.tif,,,,
1080,mbgcibmn-1,HLA-DR,/data/yzy21/yy/aaran/out/crops/HLA-DR/mbgcibmn-1.tif,,,,
1081,mbjcdgpf-1,HLA-DR,/data/yzy21/yy/aaran/out/crops/HLA-DR/mbjcdgpf-1.tif,,,,
1082,mccnmbih-1,HLA-DR,/data/yzy21/yy/aaran/out/crops/HLA-DR/mccnmbih-1.tif,,,,
1083,mcfmmchh-1,HLA-DR,/data/yzy21/yy/aaran/out/crops/HLA-DR/mcfmmchh-1.tif,,,,
1084,mdckhhoi-1,HLA-DR,/data/yzy21/yy/aaran/out/crops/HLA-DR/mdckhhoi-1.tif,,,,
1085,mebhdhhd-1,HLA-DR,/data/yzy21/yy/aaran/out/crops/HLA-DR/mebhdhhd-1.tif,,,,
1086,mhbcnojl-1,HLA-DR,/data/yzy21/yy/aaran/out/crops/HLA-DR/mhbcnojl-1.tif,,,,
1087,midmgime-1,HLA-DR,/data/yzy21/yy/aaran/out/crops/HLA-DR/midmgime-1.tif,,,,
1088,mlgihffh-1,HLA-DR,/data/yzy21/yy/aaran/out/crops/HLA-DR/mlgihffh-1.tif,,,,
1089,mmjejdco-1,HLA-DR,/data/yzy21/yy/aaran/out/crops/HLA-DR/mmjejdco-1.tif,,,,
1090,mnhfnhhn-1,HLA-DR,/data/yzy21/yy/aaran/out/crops/HLA-DR/mnhfnhhn-1.tif,,,,
1091,mnhfodkj-1,HLA-DR,/data/yzy21/yy/aaran/out/crops/HLA-DR/mnhfodkj-1.tif,,,,
1092,molenmbk-1,HLA-DR,/data/yzy21/yy/aaran/out/crops/HLA-DR/molenmbk-1.tif,,,,
1093,ndiccckd-1,HLA-DR,/data/yzy21/yy/aaran/out/crops/HLA-DR/ndiccckd-1.tif,,,,
1094,nlinjige-1,HLA-DR,/data/yzy21/yy/aaran/out/crops/HLA-DR/nlinjige-1.tif,,,,
1095,npgnegkb-1,HLA-DR,/data/yzy21/yy/aaran/out/crops/HLA-DR/npgnegkb-1.tif,,,,
1096,oabhlffb-1,HLA-DR,/data/yzy21/yy/aaran/out/crops/HLA-DR/oabhlffb-1.tif,,,,
1097,oalifonh-1,HLA-DR,/data/yzy21/yy/aaran/out/crops/HLA-DR/oalifonh-1.tif,,,,
1098,oaliokdn-1,HLA-DR,/data/yzy21/yy/aaran/out/crops/HLA-DR/oaliokdn-1.tif,,,,
1099,ocinepio-1,HLA-DR,/data/yzy21/yy/aaran/out/crops/HLA-DR/ocinepio-1.tif,,,,
1100,ofpbkgch-1,HLA-DR,/data/yzy21/yy/aaran/out/crops/HLA-DR/ofpbkgch-1.tif,,,,
1101,aaeihfjk-1,LAG-3,/data/yzy21/yy/aaran/out/crops/LAG-3/aaeihfjk-1.tif,,,,
1102,aajebjek-1,LAG-3,/data/yzy21/yy/aaran/out/crops/LAG-3/aajebjek-1.tif,,,,
1103,aclbkokf-1,LAG-3,/data/yzy21/yy/aaran/out/crops/LAG-3/aclbkokf-1.tif,,,,
1104,acllheki-1,LAG-3,/data/yzy21/yy/aaran/out/crops/LAG-3/acllheki-1.tif,,,,
1105,acngogid-1,LAG-3,/data/yzy21/yy/aaran/out/crops/LAG-3/acngogid-1.tif,,,,
1106,aebdlbha-1,LAG-3,/data/yzy21/yy/aaran/out/crops/LAG-3/aebdlbha-1.tif,,,,
1107,aehjjpjc-1,LAG-3,/data/yzy21/yy/aaran/out/crops/LAG-3/aehjjpjc-1.tif,,,,
1108,afdepllh-1,LAG-3,/data/yzy21/yy/aaran/out/crops/LAG-3/afdepllh-1.tif,,,,
1109,agpemnbd-1,LAG-3,/data/yzy21/yy/aaran/out/crops/LAG-3/agpemnbd-1.tif,,,,
1110,ahjdgmhf-1,LAG-3,/data/yzy21/yy/aaran/out/crops/LAG-3/ahjdgmhf-1.tif,,,,
1111,ahlcojoh-1,LAG-3,/data/yzy21/yy/aaran/out/crops/LAG-3/ahlcojoh-1.tif,,,,
1112,aioepfli-1,LAG-3,/data/yzy21/yy/aaran/out/crops/LAG-3/aioepfli-1.tif,,,,
1113,ajcbijek-1,LAG-3,/data/yzy21/yy/aaran/out/crops/LAG-3/ajcbijek-1.tif,,,,
1114,akdcbjdn-1,LAG-3,/data/yzy21/yy/aaran/out/crops/LAG-3/akdcbjdn-1.tif,,,,
1115,akmlnnlo-1,LAG-3,/data/yzy21/yy/aaran/out/crops/LAG-3/akmlnnlo-1.tif,,,,
1116,alfpaaaa-1,LAG-3,/data/yzy21/yy/aaran/out/crops/LAG-3/alfpaaaa-1.tif,,,,
1117,almlgpkp-1,LAG-3,/data/yzy21/yy/aaran/out/crops/LAG-3/almlgpkp-1.tif,,,,
1118,apnfahli-1,LAG-3,/data/yzy21/yy/aaran/out/crops/LAG-3/apnfahli-1.tif,,,,
1119,bbceibga-1,LAG-3,/data/yzy21/yy/aaran/out/crops/LAG-3/bbceibga-1.tif,,,,
1120,beanncjb-1,LAG-3,/data/yzy21/yy/aaran/out/crops/LAG-3/beanncjb-1.tif,,,,
1121,behgeabc-1,LAG-3,/data/yzy21/yy/aaran/out/crops/LAG-3/behgeabc-1.tif,,,,
1122,bhijgnbj-1,LAG-3,/data/yzy21/yy/aaran/out/crops/LAG-3/bhijgnbj-1.tif,,,,
1123,bmdddnhc-1,LAG-3,/data/yzy21/yy/aaran/out/crops/LAG-3/bmdddnhc-1.tif,,,,
1124,bmdnimbg-1,LAG-3,/data/yzy21/yy/aaran/out/crops/LAG-3/bmdnimbg-1.tif,,,,
1125,bmiifbcj-1,LAG-3,/data/yzy21/yy/aaran/out/crops/LAG-3/bmiifbcj-1.tif,,,,
1126,bnenkkpk-1,LAG-3,/data/yzy21/yy/aaran/out/crops/LAG-3/bnenkkpk-1.tif,,,,
1127,bnhfmggg-1,LAG-3,/data/yzy21/yy/aaran/out/crops/LAG-3/bnhfmggg-1.tif,,,,
1128,cdhhofcj-1,LAG-3,/data/yzy21/yy/aaran/out/crops/LAG-3/cdhhofcj-1.tif,,,,
1129,cdoiacnl-1,LAG-3,/data/yzy21/yy/aaran/out/crops/LAG-3/cdoiacnl-1.tif,,,,
1130,cfgmclpg-1,LAG-3,/data/yzy21/yy/aaran/out/crops/LAG-3/cfgmclpg-1.tif,,,,
1131,cinflolj-1,LAG-3,/data/yzy21/yy/aaran/out/crops/LAG-3/cinflolj-1.tif,,,,
1132,cmlpifib-1,LAG-3,/data/yzy21/yy/aaran/out/crops/LAG-3/cmlpifib-1.tif,,,,
1133,cnjpfghf-1,LAG-3,/data/yzy21/yy/aaran/out/crops/LAG-3/cnjpfghf-1.tif,,,,
1134,cnkpjcja-1,LAG-3,/data/yzy21/yy/aaran/out/crops/LAG-3/cnkpjcja-1.tif,,,,
1135,cnpghbgl-1,LAG-3,/data/yzy21/yy/aaran/out/crops/LAG-3/cnpghbgl-1.tif,,,,
1136,cokipilb-1,LAG-3,/data/yzy21/yy/aaran/out/crops/LAG-3/cokipilb-1.tif,,,,
1137,dalibceg-1,LAG-3,/data/yzy21/yy/aaran/out/crops/LAG-3/dalibceg-1.tif,,,,
1138,ddepdaom-1,LAG-3,/data/yzy21/yy/aaran/out/crops/LAG-3/ddepdaom-1.tif,,,,
1139,ddgegpnh-1,LAG-3,/data/yzy21/yy/aaran/out/crops/LAG-3/ddgegpnh-1.tif,,,,
1140,ddigjgpj-1,LAG-3,/data/yzy21/yy/aaran/out/crops/LAG-3/ddigjgpj-1.tif,,,,
1141,ddoendgk-1,LAG-3,/data/yzy21/yy/aaran/out/crops/LAG-3/ddoendgk-1.tif,,,,
1142,dfdigaph-1,LAG-3,/data/yzy21/yy/aaran/out/crops/LAG-3/dfdigaph-1.tif,,,,
1143,dgfgponf-1,LAG-3,/data/yzy21/yy/aaran/out/crops/LAG-3/dgfgponf-1.tif,,,,
1144,dgpkmnmj-1,LAG-3,/data/yzy21/yy/aaran/out/crops/LAG-3/dgpkmnmj-1.tif,,,,
1145,dhkmelmi-1,LAG-3,/data/yzy21/yy/aaran/out/crops/LAG-3/dhkmelmi-1.tif,,,,
1146,dildjocl-1,LAG-3,/data/yzy21/yy/aaran/out/crops/LAG-3/dildjocl-1.tif,,,,
1147,dmggdgdb-1,LAG-3,/data/yzy21/yy/aaran/out/crops/LAG-3/dmggdgdb-1.tif,,,,
1148,dmhedokb-1,LAG-3,/data/yzy21/yy/aaran/out/crops/LAG-3/dmhedokb-1.tif,,,,
1149,dncbnkaf-1,LAG-3,/data/yzy21/yy/aaran/out/crops/LAG-3/dncbnkaf-1.tif,,,,
1150,edfnminh-1,LAG-3,/data/yzy21/yy/aaran/out/crops/LAG-3/edfnminh-1.tif,,,,
1151,eeondnnb-1,LAG-3,/data/yzy21/yy/aaran/out/crops/LAG-3/eeondnnb-1.tif,,,,
1152,efghoeaa-1,LAG-3,/data/yzy21/yy/aaran/out/crops/LAG-3/efghoeaa-1.tif,,,,
1153,ekapbapk-1,LAG-3,/data/yzy21/yy/aaran/out/crops/LAG-3/ekapbapk-1.tif,,,,
1154,ekfmchfp-1,LAG-3,/data/yzy21/yy/aaran/out/crops/LAG-3/ekfmchfp-1.tif,,,,
1155,ekhmpoob-1,LAG-3,/data/yzy21/yy/aaran/out/crops/LAG-3/ekhmpoob-1.tif,,,,
1156,eklbpjma-1,LAG-3,/data/yzy21/yy/aaran/out/crops/LAG-3/eklbpjma-1.tif,,,,
1157,ekokejab-1,LAG-3,/data/yzy21/yy/aaran/out/crops/LAG-3/ekokejab-1.tif,,,,
1158,elbhegoa-1,LAG-3,/data/yzy21/yy/aaran/out/crops/LAG-3/elbhegoa-1.tif,,,,
1159,elidcegk-1,LAG-3,/data/yzy21/yy/aaran/out/crops/LAG-3/elidcegk-1.tif,,,,
1160,emmhdbbc-1,LAG-3,/data/yzy21/yy/aaran/out/crops/LAG-3/emmhdbbc-1.tif,,,,
1161,enbbkjnp-1,LAG-3,/data/yzy21/yy/aaran/out/crops/LAG-3/enbbkjnp-1.tif,,,,
1162,eojfggio-1,LAG-3,/data/yzy21/yy/aaran/out/crops/LAG-3/eojfggio-1.tif,,,,
1163,eonppgih-1,LAG-3,/data/yzy21/yy/aaran/out/crops/LAG-3/eonppgih-1.tif,,,,
1164,faopoeec-1,LAG-3,/data/yzy21/yy/aaran/out/crops/LAG-3/faopoeec-1.tif,,,,
1165,fbgccifp-1,LAG-3,/data/yzy21/yy/aaran/out/crops/LAG-3/fbgccifp-1.tif,,,,
1166,fcakkjcl-1,LAG-3,/data/yzy21/yy/aaran/out/crops/LAG-3/fcakkjcl-1.tif,,,,
1167,fcmolboe-1,LAG-3,/data/yzy21/yy/aaran/out/crops/LAG-3/fcmolboe-1.tif,,,,
1168,fhpgadon-1,LAG-3,/data/yzy21/yy/aaran/out/crops/LAG-3/fhpgadon-1.tif,,,,
1169,filcdcgf-1,LAG-3,/data/yzy21/yy/aaran/out/crops/LAG-3/filcdcgf-1.tif,,,,
1170,fimhaenk-1,LAG-3,/data/yzy21/yy/aaran/out/crops/LAG-3/fimhaenk-1.tif,,,,
1171,fjcdflog-1,LAG-3,/data/yzy21/yy/aaran/out/crops/LAG-3/fjcdflog-1.tif,,,,
1172,fnepaplb-1,LAG-3,/data/yzy21/yy/aaran/out/crops/LAG-3/fnepaplb-1.tif,,,,
1173,gldpibmf-1,LAG-3,/data/yzy21/yy/aaran/out/crops/LAG-3/gldpibmf-1.tif,,,,
1174,glgleckf-1,LAG-3,/data/yzy21/yy/aaran/out/crops/LAG-3/glgleckf-1.tif,,,,
1175,heghhkap-1,LAG-3,/data/yzy21/yy/aaran/out/crops/LAG-3/heghhkap-1.tif,,,,
1176,hibcglej-1,LAG-3,/data/yzy21/yy/aaran/out/crops/LAG-3/hibcglej-1.tif,,,,
1177,hledmbbg-1,LAG-3,/data/yzy21/yy/aaran/out/crops/LAG-3/hledmbbg-1.tif,,,,
1178,hloacekg-1,LAG-3,/data/yzy21/yy/aaran/out/crops/LAG-3/hloacekg-1.tif,,,,
1179,ibacgkop-1,LAG-3,/data/yzy21/yy/aaran/out/crops/LAG-3/ibacgkop-1.tif,,,,
1180,idlehjni-1,LAG-3,/data/yzy21/yy/aaran/out/crops/LAG-3/idlehjni-1.tif,,,,
1181,iepajlgj-1,LAG-3,/data/yzy21/yy/aaran/out/crops/LAG-3/iepajlgj-1.tif,,,,
1182,ihjilbin-1,LAG-3,/data/yzy21/yy/aaran/out/crops/LAG-3/ihjilbin-1.tif,,,,
1183,ikhenbkl-1,LAG-3,/data/yzy21/yy/aaran/out/crops/LAG-3/ikhenbkl-1.tif,,,,
1184,iknjaigo-1,LAG-3,/data/yzy21/yy/aaran/out/crops/LAG-3/iknjaigo-1.tif,,,,
1185,ikpifbke-1,LAG-3,/data/yzy21/yy/aaran/out/crops/LAG-3/ikpifbke-1.tif,,,,
1186,iohjhhhg-1,LAG-3,/data/yzy21/yy/aaran/out/crops/LAG-3/iohjhhhg-1.tif,,,,
1187,kacphnod-1,LAG-3,/data/yzy21/yy/aaran/out/crops/LAG-3/kacphnod-1.tif,,,,
1188,kbhgffpc-1,LAG-3,/data/yzy21/yy/aaran/out/crops/LAG-3/kbhgffpc-1.tif,,,,
1189,khcppnce-1,LAG-3,/data/yzy21/yy/aaran/out/crops/LAG-3/khcppnce-1.tif,,,,
1190,lappjmac-1,LAG-3,/data/yzy21/yy/aaran/out/crops/LAG-3/lappjmac-1.tif,,,,
1191,lfjmmdcn-1,LAG-3,/data/yzy21/yy/aaran/out/crops/LAG-3/lfjmmdcn-1.tif,,,,
1192,lmjmaoda-1,LAG-3,/data/yzy21/yy/aaran/out/crops/LAG-3/lmjmaoda-1.tif,,,,
1193,lmpdlofj-1,LAG-3,/data/yzy21/yy/aaran/out/crops/LAG-3/lmpdlofj-1.tif,,,,
1194,mbcihach-1,LAG-3,/data/yzy21/yy/aaran/out/crops/LAG-3/mbcihach-1.tif,,,,
1195,mmdinkne-1,LAG-3,/data/yzy21/yy/aaran/out/crops/LAG-3/mmdinkne-1.tif,,,,
1196,naknjhhb-1,LAG-3,/data/yzy21/yy/aaran/out/crops/LAG-3/naknjhhb-1.tif,,,,
1197,nfcmcmhg-1,LAG-3,/data/yzy21/yy/aaran/out/crops/LAG-3/nfcmcmhg-1.tif,,,,
1198,nphnoepf-1,LAG-3,/data/yzy21/yy/aaran/out/crops/LAG-3/nphnoepf-1.tif,,,,
1199,oefnenmd-1,LAG-3,/data/yzy21/yy/aaran/out/crops/LAG-3/oefnenmd-1.tif,,,,
1200,ohmmmain-1,LAG-3,/data/yzy21/yy/aaran/out/crops/LAG-3/ohmmmain-1.tif,,,,
1201,aannhfah-1,PD-1,/data/yzy21/yy/aaran/out/crops/PD-1/aannhfah-1.tif,,,,
1202,aapcakpc-1,PD-1,/data/yzy21/yy/aaran/out/crops/PD-1/aapcakpc-1.tif,,,,
1203,abjioflh-1,PD-1,/data/yzy21/yy/aaran/out/crops/PD-1/abjioflh-1.tif,,,,
1204,adhbcceg-1,PD-1,/data/yzy21/yy/aaran/out/crops/PD-1/adhbcceg-1.tif,,,,
1205,afabnica-1,PD-1,/data/yzy21/yy/aaran/out/crops/PD-1/afabnica-1.tif,,,,
1206,aflkcfaa-1,PD-1,/data/yzy21/yy/aaran/out/crops/PD-1/aflkcfaa-1.tif,,,,
1207,agchadid-1,PD-1,/data/yzy21/yy/aaran/out/crops/PD-1/agchadid-1.tif,,,,
1208,ahfaaoeb-1,PD-1,/data/yzy21/yy/aaran/out/crops/PD-1/ahfaaoeb-1.tif,,,,
1209,aigkmddp-1,PD-1,/data/yzy21/yy/aaran/out/crops/PD-1/aigkmddp-1.tif,,,,
1210,ajdgagig-1,PD-1,/data/yzy21/yy/aaran/out/crops/PD-1/ajdgagig-1.tif,,,,
1211,ajdkblmn-1,PD-1,/data/yzy21/yy/aaran/out/crops/PD-1/ajdkblmn-1.tif,,,,
1212,akciodne-1,PD-1,/data/yzy21/yy/aaran/out/crops/PD-1/akciodne-1.tif,,,,
1213,aldfgbom-1,PD-1,/data/yzy21/yy/aaran/out/crops/PD-1/aldfgbom-1.tif,,,,
1214,aldgnkio-1,PD-1,/data/yzy21/yy/aaran/out/crops/PD-1/aldgnkio-1.tif,,,,
1215,aldjiggp-1,PD-1,/data/yzy21/yy/aaran/out/crops/PD-1/aldjiggp-1.tif,,,,
1216,alpebpji-1,PD-1,/data/yzy21/yy/aaran/out/crops/PD-1/alpebpji-1.tif,,,,
1217,ambhdpja-1,PD-1,/data/yzy21/yy/aaran/out/crops/PD-1/ambhdpja-1.tif,,,,
1218,aphlpllm-1,PD-1,/data/yzy21/yy/aaran/out/crops/PD-1/aphlpllm-1.tif,,,,
1219,apogocob-1,PD-1,/data/yzy21/yy/aaran/out/crops/PD-1/apogocob-1.tif,,,,
1220,badegbom-1,PD-1,/data/yzy21/yy/aaran/out/crops/PD-1/badegbom-1.tif,,,,
1221,bbmefkaf-1,PD-1,/data/yzy21/yy/aaran/out/crops/PD-1/bbmefkaf-1.tif,,,,
1222,bdbbkdhj-1,PD-1,/data/yzy21/yy/aaran/out/crops/PD-1/bdbbkdhj-1.tif,,,,
1223,bdkeafof-1,PD-1,/data/yzy21/yy/aaran/out/crops/PD-1/bdkeafof-1.tif,,,,
1224,bfbcnpno-1,PD-1,/data/yzy21/yy/aaran/out/crops/PD-1/bfbcnpno-1.tif,,,,
1225,bfplbdhg-1,PD-1,/data/yzy21/yy/aaran/out/crops/PD-1/bfplbdhg-1.tif,,,,
1226,bglnljef-1,PD-1,/data/yzy21/yy/aaran/out/crops/PD-1/bglnljef-1.tif,,,,
1227,bnjlnocg-1,PD-1,/data/yzy21/yy/aaran/out/crops/PD-1/bnjlnocg-1.tif,,,,
1228,boieolda-1,PD-1,/data/yzy21/yy/aaran/out/crops/PD-1/boieolda-1.tif,,,,
1229,bpopcoef-1,PD-1,/data/yzy21/yy/aaran/out/crops/PD-1/bpopcoef-1.tif,,,,
1230,cadddbld-1,PD-1,/data/yzy21/yy/aaran/out/crops/PD-1/cadddbld-1.tif,,,,
1231,cdahnjkp-1,PD-1,/data/yzy21/yy/aaran/out/crops/PD-1/cdahnjkp-1.tif,,,,
1232,cgbakpej-1,PD-1,/data/yzy21/yy/aaran/out/crops/PD-1/cgbakpej-1.tif,,,,
1233,ckialllo-1,PD-1,/data/yzy21/yy/aaran/out/crops/PD-1/ckialllo-1.tif,,,,
1234,cmhnoneg-1,PD-1,/data/yzy21/yy/aaran/out/crops/PD-1/cmhnoneg-1.tif,,,,
1235,cocgpjio-1,PD-1,/data/yzy21/yy/aaran/out/crops/PD-1/cocgpjio-1.tif,,,,
1236,cofnagia-1,PD-1,/data/yzy21/yy/aaran/out/crops/PD-1/cofnagia-1.tif,,,,
1237,cpnbehjh-1,PD-1,/data/yzy21/yy/aaran/out/crops/PD-1/cpnbehjh-1.tif,,,,
1238,dafagkni-1,PD-1,/data/yzy21/yy/aaran/out/crops/PD-1/dafagkni-1.tif,,,,
1239,daklfnhb-1,PD-1,/data/yzy21/yy/aaran/out/crops/PD-1/daklfnhb-1.tif,,,,
1240,ddjkkkdf-1,PD-1,/data/yzy21/yy/aaran/out/crops/PD-1/ddjkkkdf-1.tif,,,,
1241,dehacdmi-1,PD-1,/data/yzy21/yy/aaran/out/crops/PD-1/dehacdmi-1.tif,,,,
1242,dhjcbekp-1,PD-1,/data/yzy21/yy/aaran/out/crops/PD-1/dhjcbekp-1.tif,,,,
1243,diaadgih-1,PD-1,/data/yzy21/yy/aaran/out/crops/PD-1/diaadgih-1.tif,,,,
1244,dikeopck-1,PD-1,/data/yzy21/yy/aaran/out/crops/PD-1/dikeopck-1.tif,,,,
1245,dkmbdihn-1,PD-1,/data/yzy21/yy/aaran/out/crops/PD-1/dkmbdihn-1.tif,,,,
1246,dmfohjml-1,PD-1,/data/yzy21/yy/aaran/out/crops/PD-1/dmfohjml-1.tif,,,,
1247,dmildfko-1,PD-1,/data/yzy21/yy/aaran/out/crops/PD-1/dmildfko-1.tif,,,,
1248,doodljco-1,PD-1,/data/yzy21/yy/aaran/out/crops/PD-1/doodljco-1.tif,,,,
1249,ecdpmaop-1,PD-1,/data/yzy21/yy/aaran/out/crops/PD-1/ecdpmaop-1.tif,,,,
1250,eeohbhgb-1,PD-1,/data/yzy21/yy/aaran/out/crops/PD-1/eeohbhgb-1.tif,,,,
1251,egdkkjnd-1,PD-1,/data/yzy21/yy/aaran/out/crops/PD-1/egdkkjnd-1.tif,,,,
1252,egkhnmhb-1,PD-1,/data/yzy21/yy/aaran/out/crops/PD-1/egkhnmhb-1.tif,,,,
1253,einplpnj-1,PD-1,/data/yzy21/yy/aaran/out/crops/PD-1/einplpnj-1.tif,,,,
1254,ekddefac-1,PD-1,/data/yzy21/yy/aaran/out/crops/PD-1/ekddefac-1.tif,,,,
1255,elheempd-1,PD-1,/data/yzy21/yy/aaran/out/crops/PD-1/elheempd-1.tif,,,,
1256,elhknkde-1,PD-1,/data/yzy21/yy/aaran/out/crops/PD-1/elhknkde-1.tif,,,,
1257,elicjajc-1,PD-1,/data/yzy21/yy/aaran/out/crops/PD-1/elicjajc-1.tif,,,,
1258,emaaoocn-1,PD-1,/data/yzy21/yy/aaran/out/crops/PD-1/emaaoocn-1.tif,,,,
1259,emalkpoe-1,PD-1,/data/yzy21/yy/aaran/out/crops/PD-1/emalkpoe-1.tif,,,,
1260,embcofdl-1,PD-1,/data/yzy21/yy/aaran/out/crops/PD-1/embcofdl-1.tif,,,,
1261,emmbkfan-1,PD-1,/data/yzy21/yy/aaran/out/crops/PD-1/emmbkfan-1.tif,,,,
1262,empblbhf-1,PD-1,/data/yzy21/yy/aaran/out/crops/PD-1/empblbhf-1.tif,,,,
1263,eogbnbmd-1,PD-1,/data/yzy21/yy/aaran/out/crops/PD-1/eogbnbmd-1.tif,,,,
1264,fcobhhbh-1,PD-1,/data/yzy21/yy/aaran/out/crops/PD-1/fcobhhbh-1.tif,,,,
1265,fgmmhkkc-1,PD-1,/data/yzy21/yy/aaran/out/crops/PD-1/fgmmhkkc-1.tif,,,,
1266,fihfjajo-1,PD-1,/data/yzy21/yy/aaran/out/crops/PD-1/fihfjajo-1.tif,,,,
1267,fikamnff-1,PD-1,/data/yzy21/yy/aaran/out/crops/PD-1/fikamnff-1.tif,,,,
1268,fjdlljig-1,PD-1,/data/yzy21/yy/aaran/out/crops/PD-1/fjdlljig-1.tif,,,,
1269,gnlmifoj-1,PD-1,/data/yzy21/yy/aaran/out/crops/PD-1/gnlmifoj-1.tif,,,,
1270,goannfld-1,PD-1,/data/yzy21/yy/aaran/out/crops/PD-1/goannfld-1.tif,,,,
1271,gocpehpj-1,PD-1,/data/yzy21/yy/aaran/out/crops/PD-1/gocpehpj-1.tif,,,,
1272,hempgbod-1,PD-1,/data/yzy21/yy/aaran/out/crops/PD-1/hempgbod-1.tif,,,,
1273,hkiiochb-1,PD-1,/data/yzy21/yy/aaran/out/crops/PD-1/hkiiochb-1.tif,,,,
1274,hlddaidb-1,PD-1,/data/yzy21/yy/aaran/out/crops/PD-1/hlddaidb-1.tif,,,,
1275,hncapgfk-1,PD-1,/data/yzy21/yy/aaran/out/crops/PD-1/hncapgfk-1.tif,,,,
1276,hnibnaed-1,PD-1,/data/yzy21/yy/aaran/out/crops/PD-1/hnibnaed-1.tif,,,,
1277,hoijcpih-1,PD-1,/data/yzy21/yy/aaran/out/crops/PD-1/hoijcpih-1.tif,,,,
1278,iamflnnb-1,PD-1,/data/yzy21/yy/aaran/out/crops/PD-1/iamflnnb-1.tif,,,,
1279,ibpgnofo-1,PD-1,/data/yzy21/yy/aaran/out/crops/PD-1/ibpgnofo-1.tif,,,,
1280,idjnofec-1,PD-1,/data/yzy21/yy/aaran/out/crops/PD-1/idjnofec-1.tif,,,,
1281,iidilcep-1,PD-1,/data/yzy21/yy/aaran/out/crops/PD-1/iidilcep-1.tif,,,,
1282,jdkegpkh-1,PD-1,/data/yzy21/yy/aaran/out/crops/PD-1/jdkegpkh-1.tif,,,,
1283,jhjjnbnb-1,PD-1,/data/yzy21/yy/aaran/out/crops/PD-1/jhjjnbnb-1.tif,,,,
1284,jlanedoi-1,PD-1,/data/yzy21/yy/aaran/out/crops/PD-1/jlanedoi-1.tif,,,,
1285,kmallhkc-1,PD-1,/data/yzy21/yy/aaran/out/crops/PD-1/kmallhkc-1.tif,,,,
1286,kolloibk-1,PD-1,/data/yzy21/yy/aaran/out/crops/PD-1/kolloibk-1.tif,,,,
1287,lfclbndl-1,PD-1,/data/yzy21/yy/aaran/out/crops/PD-1/lfclbndl-1.tif,,,,
1288,lllngill-1,PD-1,/data/yzy21/yy/aaran/out/crops/PD-1/lllngill-1.tif,,,,
1289,lmkiiabm-1,PD-1,/data/yzy21/yy/aaran/out/crops/PD-1/lmkiiabm-1.tif,,,,
1290,lophodjl-1,PD-1,/data/yzy21/yy/aaran/out/crops/PD-1/lophodjl-1.tif,,,,
1291,mcdlbhap-1,PD-1,/data/yzy21/yy/aaran/out/crops/PD-1/mcdlbhap-1.tif,,,,
1292,mcofpocb-1,PD-1,/data/yzy21/yy/aaran/out/crops/PD-1/mcofpocb-1.tif,,,,
1293,mdoagdad-1,PD-1,/data/yzy21/yy/aaran/out/crops/PD-1/mdoagdad-1.tif,,,,
1294,mdppbich-1,PD-1,/data/yzy21/yy/aaran/out/crops/PD-1/mdppbich-1.tif,,,,
1295,mjnhaggm-1,PD-1,/data/yzy21/yy/aaran/out/crops/PD-1/mjnhaggm-1.tif,,,,
1296,ncanfchc-1,PD-1,/data/yzy21/yy/aaran/out/crops/PD-1/ncanfchc-1.tif,,,,
1297,nhdjibko-1,PD-1,/data/yzy21/yy/aaran/out/crops/PD-1/nhdjibko-1.tif,,,,
1298,nhinilpj-1,PD-1,/data/yzy21/yy/aaran/out/crops/PD-1/nhinilpj-1.tif,,,,
1299,nkkgpnea-1,PD-1,/data/yzy21/yy/aaran/out/crops/PD-1/nkkgpnea-1.tif,,,,
1300,oidpagjk-1,PD-1,/data/yzy21/yy/aaran/out/crops/PD-1/oidpagjk-1.tif,,,,
1301,agcbfece-1,PD-L1,/data/yzy21/yy/aaran/out/crops/PD-L1/agcbfece-1.tif,,,,
1302,agmmbpkp-1,PD-L1,/data/yzy21/yy/aaran/out/crops/PD-L1/agmmbpkp-1.tif,,,,
1303,bfgikmil-1,PD-L1,/data/yzy21/yy/aaran/out/crops/PD-L1/bfgikmil-1.tif,,,,
1304,bfjdcnah-1,PD-L1,/data/yzy21/yy/aaran/out/crops/PD-L1/bfjdcnah-1.tif,,,,
1305,bfkijhmh-1,PD-L1,/data/yzy21/yy/aaran/out/crops/PD-L1/bfkijhmh-1.tif,,,,
1306,bgdkfadh-1,PD-L1,/data/yzy21/yy/aaran/out/crops/PD-L1/bgdkfadh-1.tif,,,,
1307,bhakmebj-1,PD-L1,/data/yzy21/yy/aaran/out/crops/PD-L1/bhakmebj-1.tif,,,,
1308,bhepokdn-1,PD-L1,/data/yzy21/yy/aaran/out/crops/PD-L1/bhepokdn-1.tif,,,,
1309,bhhbnfpm-1,PD-L1,/data/yzy21/yy/aaran/out/crops/PD-L1/bhhbnfpm-1.tif,,,,
1310,bjlennlm-1,PD-L1,/data/yzy21/yy/aaran/out/crops/PD-L1/bjlennlm-1.tif,,,,
1311,bmgcbmio-1,PD-L1,/data/yzy21/yy/aaran/out/crops/PD-L1/bmgcbmio-1.tif,,,,
1312,bnhlojcp-1,PD-L1,/data/yzy21/yy/aaran/out/crops/PD-L1/bnhlojcp-1.tif,,,,
1313,boefjpna-1,PD-L1,/data/yzy21/yy/aaran/out/crops/PD-L1/boefjpna-1.tif,,,,
1314,cbnaggoa-1,PD-L1,/data/yzy21/yy/aaran/out/crops/PD-L1/cbnaggoa-1.tif,,,,
1315,cddcoegb-1,PD-L1,/data/yzy21/yy/aaran/out/crops/PD-L1/cddcoegb-1.tif,,,,
1316,cdodjnkl-1,PD-L1,/data/yzy21/yy/aaran/out/crops/PD-L1/cdodjnkl-1.tif,,,,
1317,cdpnhoag-1,PD-L1,/data/yzy21/yy/aaran/out/crops/PD-L1/cdpnhoag-1.tif,,,,
1318,cegcmfej-1,PD-L1,/data/yzy21/yy/aaran/out/crops/PD-L1/cegcmfej-1.tif,,,,
1319,cehjhmcb-1,PD-L1,/data/yzy21/yy/aaran/out/crops/PD-L1/cehjhmcb-1.tif,,,,
1320,cjkabfce-1,PD-L1,/data/yzy21/yy/aaran/out/crops/PD-L1/cjkabfce-1.tif,,,,
1321,cojjnfip-1,PD-L1,/data/yzy21/yy/aaran/out/crops/PD-L1/cojjnfip-1.tif,,,,
1322,damhadbm-1,PD-L1,/data/yzy21/yy/aaran/out/crops/PD-L1/damhadbm-1.tif,,,,
1323,damhdbaf-1,PD-L1,/data/yzy21/yy/aaran/out/crops/PD-L1/damhdbaf-1.tif,,,,
1324,danphncg-1,PD-L1,/data/yzy21/yy/aaran/out/crops/PD-L1/danphncg-1.tif,,,,
1325,dapfpepi-1,PD-L1,/data/yzy21/yy/aaran/out/crops/PD-L1/dapfpepi-1.tif,,,,
1326,daphpadn-1,PD-L1,/data/yzy21/yy/aaran/out/crops/PD-L1/daphpadn-1.tif,,,,
1327,dejfkemk-1,PD-L1,/data/yzy21/yy/aaran/out/crops/PD-L1/dejfkemk-1.tif,,,,
1328,dfcbkgcg-1,PD-L1,/data/yzy21/yy/aaran/out/crops/PD-L1/dfcbkgcg-1.tif,,,,
1329,dfledmhj-1,PD-L1,/data/yzy21/yy/aaran/out/crops/PD-L1/dfledmhj-1.tif,,,,
1330,dgmddlbp-1,PD-L1,/data/yzy21/yy/aaran/out/crops/PD-L1/dgmddlbp-1.tif,,,,
1331,dimbikhi-1,PD-L1,/data/yzy21/yy/aaran/out/crops/PD-L1/dimbikhi-1.tif,,,,
1332,diphofkm-1,PD-L1,/data/yzy21/yy/aaran/out/crops/PD-L1/diphofkm-1.tif,,,,
1333,djiaipnk-1,PD-L1,/data/yzy21/yy/aaran/out/crops/PD-L1/djiaipnk-1.tif,,,,
1334,djljbagp-1,PD-L1,/data/yzy21/yy/aaran/out/crops/PD-L1/djljbagp-1.tif,,,,
1335,dnfbdhgk-1,PD-L1,/data/yzy21/yy/aaran/out/crops/PD-L1/dnfbdhgk-1.tif,,,,
1336,dnigbnbl-1,PD-L1,/data/yzy21/yy/aaran/out/crops/PD-L1/dnigbnbl-1.tif,,,,
1337,eabhabig-1,PD-L1,/data/yzy21/yy/aaran/out/crops/PD-L1/eabhabig-1.tif,,,,
1338,edmdifgh-1,PD-L1,/data/yzy21/yy/aaran/out/crops/PD-L1/edmdifgh-1.tif,,,,
1339,eemalchf-1,PD-L1,/data/yzy21/yy/aaran/out/crops/PD-L1/eemalchf-1.tif,,,,
1340,eeombbgo-1,PD-L1,/data/yzy21/yy/aaran/out/crops/PD-L1/eeombbgo-1.tif,,,,
1341,eeopfgpe-1,PD-L1,/data/yzy21/yy/aaran/out/crops/PD-L1/eeopfgpe-1.tif,,,,
1342,eepdanpc-1,PD-L1,/data/yzy21/yy/aaran/out/crops/PD-L1/eepdanpc-1.tif,,,,
1343,egelchjh-1,PD-L1,/data/yzy21/yy/aaran/out/crops/PD-L1/egelchjh-1.tif,,,,
1344,eilcegac-1,PD-L1,/data/yzy21/yy/aaran/out/crops/PD-L1/eilcegac-1.tif,,,,
1345,ekboccbe-1,PD-L1,/data/yzy21/yy/aaran/out/crops/PD-L1/ekboccbe-1.tif,,,,
1346,ekflffnl-1,PD-L1,/data/yzy21/yy/aaran/out/crops/PD-L1/ekflffnl-1.tif,,,,
1347,ekifdlph-1,PD-L1,/data/yzy21/yy/aaran/out/crops/PD-L1/ekifdlph-1.tif,,,,
1348,emjfngif-1,PD-L1,/data/yzy21/yy/aaran/out/crops/PD-L1/emjfngif-1.tif,,,,
1349,eohkagng-1,PD-L1,/data/yzy21/yy/aaran/out/crops/PD-L1/eohkagng-1.tif,,,,
1350,fbiccneg-1,PD-L1,/data/yzy21/yy/aaran/out/crops/PD-L1/fbiccneg-1.tif,,,,
1351,fcihbibc-1,PD-L1,/data/yzy21/yy/aaran/out/crops/PD-L1/fcihbibc-1.tif,,,,
1352,fcikmjkn-1,PD-L1,/data/yzy21/yy/aaran/out/crops/PD-L1/fcikmjkn-1.tif,,,,
1353,fcjkkcjf-1,PD-L1,/data/yzy21/yy/aaran/out/crops/PD-L1/fcjkkcjf-1.tif,,,,
1354,fdceomfe-1,PD-L1,/data/yzy21/yy/aaran/out/crops/PD-L1/fdceomfe-1.tif,,,,
1355,ffpdgelj-1,PD-L1,/data/yzy21/yy/aaran/out/crops/PD-L1/ffpdgelj-1.tif,,,,
1356,fhnpndik-1,PD-L1,/data/yzy21/yy/aaran/out/crops/PD-L1/fhnpndik-1.tif,,,,
1357,filkonmh-1,PD-L1,/data/yzy21/yy/aaran/out/crops/PD-L1/filkonmh-1.tif,,,,
1358,gefhielb-1,PD-L1,/data/yzy21/yy/aaran/out/crops/PD-L1/gefhielb-1.tif,,,,
1359,gepniepc-1,PD-L1,/data/yzy21/yy/aaran/out/crops/PD-L1/gepniepc-1.tif,,,,
1360,giiccbgp-1,PD-L1,/data/yzy21/yy/aaran/out/crops/PD-L1/giiccbgp-1.tif,,,,
1361,gpmfamgi-1,PD-L1,/data/yzy21/yy/aaran/out/crops/PD-L1/gpmfamgi-1.tif,,,,
1362,hebhgbje-1,PD-L1,/data/yzy21/yy/aaran/out/crops/PD-L1/hebhgbje-1.tif,,,,
1363,heeohden-1,PD-L1,/data/yzy21/yy/aaran/out/crops/PD-L1/heeohden-1.tif,,,,
1364,hfhndkii-1,PD-L1,/data/yzy21/yy/aaran/out/crops/PD-L1/hfhndkii-1.tif,,,,
1365,hmhnadon-1,PD-L1,/data/yzy21/yy/aaran/out/crops/PD-L1/hmhnadon-1.tif,,,,
1366,icbcpglb-1,PD-L1,/data/yzy21/yy/aaran/out/crops/PD-L1/icbcpglb-1.tif,,,,
1367,icefleja-1,PD-L1,/data/yzy21/yy/aaran/out/crops/PD-L1/icefleja-1.tif,,,,
1368,ieeiajol-1,PD-L1,/data/yzy21/yy/aaran/out/crops/PD-L1/ieeiajol-1.tif,,,,
1369,ieoidacj-1,PD-L1,/data/yzy21/yy/aaran/out/crops/PD-L1/ieoidacj-1.tif,,,,
1370,ifhkpljj-1,PD-L1,/data/yzy21/yy/aaran/out/crops/PD-L1/ifhkpljj-1.tif,,,,
1371,ihkngmcb-1,PD-L1,/data/yzy21/yy/aaran/out/crops/PD-L1/ihkngmcb-1.tif,,,,
1372,ikhbjehb-1,PD-L1,/data/yzy21/yy/aaran/out/crops/PD-L1/ikhbjehb-1.tif,,,,
1373,iklpicjd-1,PD-L1,/data/yzy21/yy/aaran/out/crops/PD-L1/iklpicjd-1.tif,,,,
1374,japempfk-1,PD-L1,/data/yzy21/yy/aaran/out/crops/PD-L1/japempfk-1.tif,,,,
1375,jccikdke-1,PD-L1,/data/yzy21/yy/aaran/out/crops/PD-L1/jccikdke-1.tif,,,,
1376,jdfapbco-1,PD-L1,/data/yzy21/yy/aaran/out/crops/PD-L1/jdfapbco-1.tif,,,,
1377,jepghffm-1,PD-L1,/data/yzy21/yy/aaran/out/crops/PD-L1/jepghffm-1.tif,,,,
1378,jfcjadic-1,PD-L1,/data/yzy21/yy/aaran/out/crops/PD-L1/jfcjadic-1.tif,,,,
1379,jhoceaoa-1,PD-L1,/data/yzy21/yy/aaran/out/crops/PD-L1/jhoceaoa-1.tif,,,,
1380,kaeokobc-1,PD-L1,/data/yzy21/yy/aaran/out/crops/PD-L1/kaeokobc-1.tif,,,,
1381,kjaihkhd-1,PD-L1,/data/yzy21/yy/aaran/out/crops/PD-L1/kjaihkhd-1.tif,,,,
1382,kmhnghal-1,PD-L1,/data/yzy21/yy/aaran/out/crops/PD-L1/kmhnghal-1.tif,,,,
1383,kmmmpbcm-1,PD-L1,/data/yzy21/yy/aaran/out/crops/PD-L1/kmmmpbcm-1.tif,,,,
1384,laoihaap-1,PD-L1,/data/yzy21/yy/aaran/out/crops/PD-L1/laoihaap-1.tif,,,,
1385,lfkblopg-1,PD-L1,/data/yzy21/yy/aaran/out/crops/PD-L1/lfkblopg-1.tif,,,,
1386,lhmfofji-1,PD-L1,/data/yzy21/yy/aaran/out/crops/PD-L1/lhmfofji-1.tif,,,,
1387,lhmpipla-1,PD-L1,/data/yzy21/yy/aaran/out/crops/PD-L1/lhmpipla-1.tif,,,,
1388,mbpbnoif-1,PD-L1,/data/yzy21/yy/aaran/out/crops/PD-L1/mbpbnoif-1.tif,,,,
1389,mmmhjfol-1,PD-L1,/data/yzy21/yy/aaran/out/crops/PD-L1/mmmhjfol-1.tif,,,,
1390,nocmlenh-1,PD-L1,/data/yzy21/yy/aaran/out/crops/PD-L1/nocmlenh-1.tif,,,,
1391,nofifeje-1,PD-L1,/data/yzy21/yy/aaran/out/crops/PD-L1/nofifeje-1.tif,,,,
1392,oaaccnih-1,PD-L1,/data/yzy21/yy/aaran/out/crops/PD-L1/oaaccnih-1.tif,,,,
1393,oafpngjd-1,PD-L1,/data/yzy21/yy/aaran/out/crops/PD-L1/oafpngjd-1.tif,,,,
1394,obehjeam-1,PD-L1,/data/yzy21/yy/aaran/out/crops/PD-L1/obehjeam-1.tif,,,,
1395,obgokoco-1,PD-L1,/data/yzy21/yy/aaran/out/crops/PD-L1/obgokoco-1.tif,,,,
1396,obnagaod-1,PD-L1,/data/yzy21/yy/aaran/out/crops/PD-L1/obnagaod-1.tif,,,,
1397,ocppmfpg-1,PD-L1,/data/yzy21/yy/aaran/out/crops/PD-L1/ocppmfpg-1.tif,,,,
1398,ofjnngbc-1,PD-L1,/data/yzy21/yy/aaran/out/crops/PD-L1/ofjnngbc-1.tif,,,,
1399,oflaimbe-1,PD-L1,/data/yzy21/yy/aaran/out/crops/PD-L1/oflaimbe-1.tif,,,,
1400,ohdgngfo-1,PD-L1,/data/yzy21/yy/aaran/out/crops/PD-L1/ohdgngfo-1.tif,,,,
1401,abejaiih-1,VISTA,/data/yzy21/yy/aaran/out/crops/VISTA/abejaiih-1.tif,,,,
1402,abjoalnl-1,VISTA,/data/yzy21/yy/aaran/out/crops/VISTA/abjoalnl-1.tif,,,,
1403,addocgbl-1,VISTA,/data/yzy21/yy/aaran/out/crops/VISTA/addocgbl-1.tif,,,,
1404,aebgfgpe-1,VISTA,/data/yzy21/yy/aaran/out/crops/VISTA/aebgfgpe-1.tif,,,,
1405,afhpkcml-1,VISTA,/data/yzy21/yy/aaran/out/crops/VISTA/afhpkcml-1.tif,,,,
1406,ajenbnej-1,VISTA,/data/yzy21/yy/aaran/out/crops/VISTA/ajenbnej-1.tif,,,,
1407,alialdbk-1,VISTA,/data/yzy21/yy/aaran/out/crops/VISTA/alialdbk-1.tif,,,,
1408,amininbj-1,VISTA,/data/yzy21/yy/aaran/out/crops/VISTA/amininbj-1.tif,,,,
1409,anldjapg-1,VISTA,/data/yzy21/yy/aaran/out/crops/VISTA/anldjapg-1.tif,,,,
1410,anlficbe-1,VISTA,/data/yzy21/yy/aaran/out/crops/VISTA/anlficbe-1.tif,,,,
1411,aomjcgdh-1,VISTA,/data/yzy21/yy/aaran/out/crops/VISTA/aomjcgdh-1.tif,,,,
1412,apedljjb-1,VISTA,/data/yzy21/yy/aaran/out/crops/VISTA/apedljjb-1.tif,,,,
1413,bachnnkb-1,VISTA,/data/yzy21/yy/aaran/out/crops/VISTA/bachnnkb-1.tif,,,,
1414,bdcjgnjk-1,VISTA,/data/yzy21/yy/aaran/out/crops/VISTA/bdcjgnjk-1.tif,,,,
1415,bffbgpld-1,VISTA,/data/yzy21/yy/aaran/out/crops/VISTA/bffbgpld-1.tif,,,,
1416,bgaimdgl-1,VISTA,/data/yzy21/yy/aaran/out/crops/VISTA/bgaimdgl-1.tif,,,,
1417,bhcbhben-1,VISTA,/data/yzy21/yy/aaran/out/crops/VISTA/bhcbhben-1.tif,,,,
1418,bjpemoee-1,VISTA,/data/yzy21/yy/aaran/out/crops/VISTA/bjpemoee-1.tif,,,,
1419,blhelcni-1,VISTA,/data/yzy21/yy/aaran/out/crops/VISTA/blhelcni-1.tif,,,,
1420,bojfbgcm-1,VISTA,/data/yzy21/yy/aaran/out/crops/VISTA/bojfbgcm-1.tif,,,,
1421,bokcndnc-1,VISTA,/data/yzy21/yy/aaran/out/crops/VISTA/bokcndnc-1.tif,,,,
1422,cbfeocfh-1,VISTA,/data/yzy21/yy/aaran/out/crops/VISTA/cbfeocfh-1.tif,,,,
1423,ckngglkg-1,VISTA,/data/yzy21/yy/aaran/out/crops/VISTA/ckngglkg-1.tif,,,,
1424,damgoagk-1,VISTA,/data/yzy21/yy/aaran/out/crops/VISTA/damgoagk-1.tif,,,,
1425,dbcdlnfi-1,VISTA,/data/yzy21/yy/aaran/out/crops/VISTA/dbcdlnfi-1.tif,,,,
1426,dbdahggo-1,VISTA,/data/yzy21/yy/aaran/out/crops/VISTA/dbdahggo-1.tif,,,,
1427,ddhblpmf-1,VISTA,/data/yzy21/yy/aaran/out/crops/VISTA/ddhblpmf-1.tif,,,,
1428,dejjkfpf-1,VISTA,/data/yzy21/yy/aaran/out/crops/VISTA/dejjkfpf-1.tif,,,,
1429,dijgmcbf-1,VISTA,/data/yzy21/yy/aaran/out/crops/VISTA/dijgmcbf-1.tif,,,,
1430,djgbohgc-1,VISTA,/data/yzy21/yy/aaran/out/crops/VISTA/djgbohgc-1.tif,,,,
1431,dkddpbfa-1,VISTA,/data/yzy21/yy/aaran/out/crops/VISTA/dkddpbfa-1.tif,,,,
1432,ebaoenbn-1,VISTA,/data/yzy21/yy/aaran/out/crops/VISTA/ebaoenbn-1.tif,,,,
1433,efalpebl-1,VISTA,/data/yzy21/yy/aaran/out/crops/VISTA/efalpebl-1.tif,,,,
1434,efmfkdge-1,VISTA,/data/yzy21/yy/aaran/out/crops/VISTA/efmfkdge-1.tif,,,,
1435,egkfdjgf-1,VISTA,/data/yzy21/yy/aaran/out/crops/VISTA/egkfdjgf-1.tif,,,,
1436,elomdnmj-1,VISTA,/data/yzy21/yy/aaran/out/crops/VISTA/elomdnmj-1.tif,,,,
1437,fbbbekfa-1,VISTA,/data/yzy21/yy/aaran/out/crops/VISTA/fbbbekfa-1.tif,,,,
1438,fboelolb-1,VISTA,/data/yzy21/yy/aaran/out/crops/VISTA/fboelolb-1.tif,,,,
1439,fcalepnk-1,VISTA,/data/yzy21/yy/aaran/out/crops/VISTA/fcalepnk-1.tif,,,,
1440,fggfdfpo-1,VISTA,/data/yzy21/yy/aaran/out/crops/VISTA/fggfdfpo-1.tif,,,,
1441,fgheliol-1,VISTA,/data/yzy21/yy/aaran/out/crops/VISTA/fgheliol-1.tif,,,,
1442,fhclpmoh-1,VISTA,/data/yzy21/yy/aaran/out/crops/VISTA/fhclpmoh-1.tif,,,,
1443,fjcmpohp-1,VISTA,/data/yzy21/yy/aaran/out/crops/VISTA/fjcmpohp-1.tif,,,,
1444,fjpafmpa-1,VISTA,/data/yzy21/yy/aaran/out/crops/VISTA/fjpafmpa-1.tif,,,,
1445,fnbndjbb-1,VISTA,/data/yzy21/yy/aaran/out/crops/VISTA/fnbndjbb-1.tif,,,,
1446,gaomhdbe-1,VISTA,/data/yzy21/yy/aaran/out/crops/VISTA/gaomhdbe-1.tif,,,,
1447,ghcdffjg-1,VISTA,/data/yzy21/yy/aaran/out/crops/VISTA/ghcdffjg-1.tif,,,,
1448,gioaobke-1,VISTA,/data/yzy21/yy/aaran/out/crops/VISTA/gioaobke-1.tif,,,,
1449,gjdcdgjn-1,VISTA,/data/yzy21/yy/aaran/out/crops/VISTA/gjdcdgjn-1.tif,,,,
1450,gjeddano-1,VISTA,/data/yzy21/yy/aaran/out/crops/VISTA/gjeddano-1.tif,,,,
1451,gjgaieig-1,VISTA,/data/yzy21/yy/aaran/out/crops/VISTA/gjgaieig-1.tif,,,,
1452,gkohdami-1,VISTA,/data/yzy21/yy/aaran/out/crops/VISTA/gkohdami-1.tif,,,,
1453,gkpjbnap-1,VISTA,/data/yzy21/yy/aaran/out/crops/VISTA/gkpjbnap-1.tif,,,,
1454,gmkblhpk-1,VISTA,/data/yzy21/yy/aaran/out/crops/VISTA/gmkblhpk-1.tif,,,,
1455,gojadbla-1,VISTA,/data/yzy21/yy/aaran/out/crops/VISTA/gojadbla-1.tif,,,,
1456,hbkheonn-1,VISTA,/data/yzy21/yy/aaran/out/crops/VISTA/hbkheonn-1.tif,,,,
1457,hdkhcdho-1,VISTA,/data/yzy21/yy/aaran/out/crops/VISTA/hdkhcdho-1.tif,,,,
1458,hfglgbed-1,VISTA,/data/yzy21/yy/aaran/out/crops/VISTA/hfglgbed-1.tif,,,,
1459,hfolgfbh-1,VISTA,/data/yzy21/yy/aaran/out/crops/VISTA/hfolgfbh-1.tif,,,,
1460,hfpkmpko-1,VISTA,/data/yzy21/yy/aaran/out/crops/VISTA/hfpkmpko-1.tif,,,,
1461,hhkhngah-1,VISTA,/data/yzy21/yy/aaran/out/crops/VISTA/hhkhngah-1.tif,,,,
1462,hlinlhof-1,VISTA,/data/yzy21/yy/aaran/out/crops/VISTA/hlinlhof-1.tif,,,,
1463,hpiknohf-1,VISTA,/data/yzy21/yy/aaran/out/crops/VISTA/hpiknohf-1.tif,,,,
1464,ielpmhko-1,VISTA,/data/yzy21/yy/aaran/out/crops/VISTA/ielpmhko-1.tif,,,,
1465,ifbepkcm-1,VISTA,/data/yzy21/yy/aaran/out/crops/VISTA/ifbepkcm-1.tif,,,,
1466,ipbmocki-1,VISTA,/data/yzy21/yy/aaran/out/crops/VISTA/ipbmocki-1.tif,,,,
1467,ipmmkjia-1,VISTA,/data/yzy21/yy/aaran/out/crops/VISTA/ipmmkjia-1.tif,,,,
1468,jaajeiil-1,VISTA,/data/yzy21/yy/aaran/out/crops/VISTA/jaajeiil-1.tif,,,,
1469,jccooole-1,VISTA,/data/yzy21/yy/aaran/out/crops/VISTA/jccooole-1.tif,,,,
1470,jdmpjncg-1,VISTA,/data/yzy21/yy/aaran/out/crops/VISTA/jdmpjncg-1.tif,,,,
1471,jglegkap-1,VISTA,/data/yzy21/yy/aaran/out/crops/VISTA/jglegkap-1.tif,,,,
1472,jhgnccie-1,VISTA,/data/yzy21/yy/aaran/out/crops/VISTA/jhgnccie-1.tif,,,,
1473,jhmhaoni-1,VISTA,/data/yzy21/yy/aaran/out/crops/VISTA/jhmhaoni-1.tif,,,,
1474,jmcongpo-1,VISTA,/data/yzy21/yy/aaran/out/crops/VISTA/jmcongpo-1.tif,,,,
1475,jpmgjajh-1,VISTA,/data/yzy21/yy/aaran/out/crops/VISTA/jpmgjajh-1.tif,,,,
1476,kmcelbbd-1,VISTA,/data/yzy21/yy/aaran/out/crops/VISTA/kmcelbbd-1.tif,,,,
1477,knekgadh-1,VISTA,/data/yzy21/yy/aaran/out/crops/VISTA/knekgadh-1.tif,,,,
1478,kodhkflb-1,VISTA,/data/yzy21/yy/aaran/out/crops/VISTA/kodhkflb-1.tif,,,,
1479,lbhbbcgb-1,VISTA,/data/yzy21/yy/aaran/out/crops/VISTA/lbhbbcgb-1.tif,,,,
1480,llffpoma-1,VISTA,/data/yzy21/yy/aaran/out/crops/VISTA/llffpoma-1.tif,,,,
1481,loiffddg-1,VISTA,/data/yzy21/yy/aaran/out/crops/VISTA/loiffddg-1.tif,,,,
1482,mckcekfd-1,VISTA,/data/yzy21/yy/aaran/out/crops/VISTA/mckcekfd-1.tif,,,,
1483,mdgifpmj-1,VISTA,/data/yzy21/yy/aaran/out/crops/VISTA/mdgifpmj-1.tif,,,,
1484,mjhjpgel-1,VISTA,/data/yzy21/yy/aaran/out/crops/VISTA/mjhjpgel-1.tif,,,,
1485,mjlaljbo-1,VISTA,/data/yzy21/yy/aaran/out/crops/VISTA/mjlaljbo-1.tif,,,,
1486,mkmfamep-1,VISTA,/data/yzy21/yy/aaran/out/crops/VISTA/mkmfamep-1.tif,,,,
1487,mlkmgkmg-1,VISTA,/data/yzy21/yy/aaran/out/crops/VISTA/mlkmgkmg-1.tif,,,,
1488,mmlddcfo-1,VISTA,/data/yzy21/yy/aaran/out/crops/VISTA/mmlddcfo-1.tif,,,,
1489,mngolhnm-1,VISTA,/data/yzy21/yy/aaran/out/crops/VISTA/mngolhnm-1.tif,,,,
1490,ndojdbpa-1,VISTA,/data/yzy21/yy/aaran/out/crops/VISTA/ndojdbpa-1.tif,,,,
1491,nfconkmi-1,VISTA,/data/yzy21/yy/aaran/out/crops/VISTA/nfconkmi-1.tif,,,,
1492,nimebeda-1,VISTA,/data/yzy21/yy/aaran/out/crops/VISTA/nimebeda-1.tif,,,,
1493,nkcmajaf-1,VISTA,/data/yzy21/yy/aaran/out/crops/VISTA/nkcmajaf-1.tif,,,,
1494,nldicjjh-1,VISTA,/data/yzy21/yy/aaran/out/crops/VISTA/nldicjjh-1.tif,,,,
1495,nmdnffpo-1,VISTA,/data/yzy21/yy/aaran/out/crops/VISTA/nmdnffpo-1.tif,,,,
1496,npfmepcd-1,VISTA,/data/yzy21/yy/aaran/out/crops/VISTA/npfmepcd-1.tif,,,,
1497,ofmghkmp-1,VISTA,/data/yzy21/yy/aaran/out/crops/VISTA/ofmghkmp-1.tif,,,,
1498,ofnfibie-1,VISTA,/data/yzy21/yy/aaran/out/crops/VISTA/ofnfibie-1.tif,,,,
1499,ohcfbhjp-1,VISTA,/data/yzy21/yy/aaran/out/crops/VISTA/ohcfbhjp-1.tif,,,,
1500,ohopdpbe-1,VISTA,/data/yzy21/yy/aaran/out/crops/VISTA/ohopdpbe-1.tif,,,,
